ISO-10303-21;
HEADER;
/* Generated by software containing ST-Developer
 * from STEP Tools, Inc. (www.steptools.com) 
 */
/* OPTION: using custom renumber hook */

FILE_DESCRIPTION(
/* description */ ('STEP AP242 Edition 2',
'CAx-IF Rec.Pracs.---Representation and Presentation of Product Manufa
cturing Information (PMI)---4.0---2014-10-13',
'CAx-IF Rec.Pracs.---3D Tessellated Geometry---0.4---2014-09-14','2;1',
'CAx-IF Rec.Pracs.---User Defined Attributes---1.5---2016-08-15'),
/* implementation_level */ '2;1');

FILE_NAME(
/* name */ 'Case',
/* time_stamp */ '2026-05-26T15:09:02Z',
/* author */ (''),
/* organization */ (''),
/* preprocessor_version */ 'ST-DEVELOPER v20',
/* originating_system */ 'ONSHAPE BY PTC INC, 1.215',
/* authorisation */ '  ');

FILE_SCHEMA (('AP242_MANAGED_MODEL_BASED_3D_ENGINEERING_MIM_LF { 1 0 10303 442 3 1 4 }'));
ENDSEC;

DATA;
#10=SPHERICAL_SURFACE('',#2126,0.001008);
#11=SPHERICAL_SURFACE('',#2132,0.001008);
#12=SHAPE_REPRESENTATION_RELATIONSHIP('','',#1982,#14);
#13=SHAPE_REPRESENTATION_RELATIONSHIP('','',#1983,#15);
#14=ADVANCED_BREP_SHAPE_REPRESENTATION('',(#1978),#3252);
#15=ADVANCED_BREP_SHAPE_REPRESENTATION('',(#1979),#3253);
#16=CONICAL_SURFACE('',#2037,0.00454252000000011,0.785398163397422);
#17=CONICAL_SURFACE('',#2092,0.00454252000000011,0.785398163397422);
#18=CIRCLE('',#1999,0.001008);
#19=CIRCLE('',#2001,0.001008);
#20=CIRCLE('',#2004,0.0025);
#21=CIRCLE('',#2013,0.001008);
#22=CIRCLE('',#2022,0.001008);
#23=CIRCLE('',#2025,0.0025);
#24=CIRCLE('',#2027,0.00654252);
#25=CIRCLE('',#2028,0.00654252);
#26=CIRCLE('',#2029,0.00654252);
#27=CIRCLE('',#2032,0.00279957);
#28=CIRCLE('',#2033,0.00279957);
#29=CIRCLE('',#2035,0.00279957);
#30=CIRCLE('',#2036,0.00279957);
#31=CIRCLE('',#2038,0.00454252000000011);
#32=CIRCLE('',#2042,0.00654252);
#33=CIRCLE('',#2068,0.00823987431816823);
#34=CIRCLE('',#2069,0.00823987431816823);
#35=CIRCLE('',#2075,0.00654252);
#36=CIRCLE('',#2076,0.00654252);
#37=CIRCLE('',#2077,0.0025);
#38=CIRCLE('',#2079,0.00654252);
#39=CIRCLE('',#2081,0.00454252000000011);
#40=CIRCLE('',#2082,0.00279957);
#41=CIRCLE('',#2083,0.00279957);
#42=CIRCLE('',#2086,0.00279957);
#43=CIRCLE('',#2087,0.00279957);
#44=CIRCLE('',#2089,0.00654252);
#45=CIRCLE('',#2101,0.0025);
#46=CIRCLE('',#2121,0.001008);
#47=CIRCLE('',#2123,0.001008);
#48=CIRCLE('',#2127,0.001008);
#49=CIRCLE('',#2129,0.001008);
#50=CIRCLE('',#2131,0.001008);
#51=CIRCLE('',#2133,0.001008);
#52=ELLIPSE('',#1987,0.00104355898350253,0.001008);
#53=ELLIPSE('',#1988,0.00116393671600609,0.001008);
#54=ELLIPSE('',#1990,0.00116393671600609,0.001008);
#55=ELLIPSE('',#1992,0.00104355898350253,0.001008);
#56=ELLIPSE('',#2014,0.00104355898350253,0.001008);
#57=ELLIPSE('',#2016,0.00116393671600609,0.001008);
#58=ELLIPSE('',#2018,0.00116393671600609,0.001008);
#59=ELLIPSE('',#2020,0.00104355898350253,0.001008);
#60=ELLIPSE('',#2040,0.00925252051609747,0.00654252);
#61=ELLIPSE('',#2046,0.00925252051609722,0.00654252);
#62=ELLIPSE('',#2091,0.00925252051609747,0.00654252);
#63=ELLIPSE('',#2095,0.00925252051609722,0.00654252);
#64=ELLIPSE('',#2107,0.00142552727087208,0.001008);
#65=ELLIPSE('',#2108,0.00142552727087208,0.001008);
#66=ELLIPSE('',#2110,0.00142552727087208,0.001008);
#67=ELLIPSE('',#2111,0.00142552727087208,0.001008);
#68=ELLIPSE('',#2113,0.00104355898350253,0.001008);
#69=ELLIPSE('',#2115,0.00116393671600609,0.001008);
#70=ELLIPSE('',#2117,0.00104355898350253,0.001008);
#71=ELLIPSE('',#2119,0.00104355898350253,0.001008);
#72=ELLIPSE('',#2125,0.00116393671600609,0.001008);
#73=ELLIPSE('',#2135,0.00104355898350253,0.001008);
#74=CYLINDRICAL_SURFACE('',#1986,0.001008);
#75=CYLINDRICAL_SURFACE('',#1989,0.001008);
#76=CYLINDRICAL_SURFACE('',#1991,0.001008);
#77=CYLINDRICAL_SURFACE('',#1998,0.001008);
#78=CYLINDRICAL_SURFACE('',#2000,0.001008);
#79=CYLINDRICAL_SURFACE('',#2012,0.001008);
#80=CYLINDRICAL_SURFACE('',#2015,0.001008);
#81=CYLINDRICAL_SURFACE('',#2017,0.001008);
#82=CYLINDRICAL_SURFACE('',#2019,0.001008);
#83=CYLINDRICAL_SURFACE('',#2021,0.001008);
#84=CYLINDRICAL_SURFACE('',#2024,0.0025);
#85=CYLINDRICAL_SURFACE('',#2026,0.00654252);
#86=CYLINDRICAL_SURFACE('',#2031,0.00279957);
#87=CYLINDRICAL_SURFACE('',#2034,0.00279957);
#88=CYLINDRICAL_SURFACE('',#2062,0.00654252);
#89=CYLINDRICAL_SURFACE('',#2067,0.00823987431816823);
#90=CYLINDRICAL_SURFACE('',#2088,0.00654252);
#91=CYLINDRICAL_SURFACE('',#2096,0.00279957);
#92=CYLINDRICAL_SURFACE('',#2097,0.00279957);
#93=CYLINDRICAL_SURFACE('',#2105,0.0025);
#94=CYLINDRICAL_SURFACE('',#2112,0.001008);
#95=CYLINDRICAL_SURFACE('',#2114,0.001008);
#96=CYLINDRICAL_SURFACE('',#2116,0.001008);
#97=CYLINDRICAL_SURFACE('',#2118,0.001008);
#98=CYLINDRICAL_SURFACE('',#2120,0.001008);
#99=CYLINDRICAL_SURFACE('',#2122,0.001008);
#100=CYLINDRICAL_SURFACE('',#2124,0.001008);
#101=CYLINDRICAL_SURFACE('',#2128,0.001008);
#102=CYLINDRICAL_SURFACE('',#2130,0.001008);
#103=CYLINDRICAL_SURFACE('',#2134,0.001008);
#104=CYLINDRICAL_SURFACE('',#2136,0.001008);
#105=CYLINDRICAL_SURFACE('',#2147,0.00654252);
#106=ORIENTED_EDGE('',*,*,#652,.T.);
#107=ORIENTED_EDGE('',*,*,#653,.T.);
#108=ORIENTED_EDGE('',*,*,#654,.T.);
#109=ORIENTED_EDGE('',*,*,#655,.F.);
#110=ORIENTED_EDGE('',*,*,#656,.T.);
#111=ORIENTED_EDGE('',*,*,#657,.F.);
#112=ORIENTED_EDGE('',*,*,#658,.F.);
#113=ORIENTED_EDGE('',*,*,#659,.T.);
#114=ORIENTED_EDGE('',*,*,#660,.F.);
#115=ORIENTED_EDGE('',*,*,#661,.F.);
#116=ORIENTED_EDGE('',*,*,#662,.T.);
#117=ORIENTED_EDGE('',*,*,#663,.F.);
#118=ORIENTED_EDGE('',*,*,#664,.T.);
#119=ORIENTED_EDGE('',*,*,#665,.T.);
#120=ORIENTED_EDGE('',*,*,#666,.T.);
#121=ORIENTED_EDGE('',*,*,#667,.T.);
#122=ORIENTED_EDGE('',*,*,#668,.T.);
#123=ORIENTED_EDGE('',*,*,#669,.F.);
#124=ORIENTED_EDGE('',*,*,#670,.F.);
#125=ORIENTED_EDGE('',*,*,#671,.F.);
#126=ORIENTED_EDGE('',*,*,#672,.T.);
#127=ORIENTED_EDGE('',*,*,#673,.F.);
#128=ORIENTED_EDGE('',*,*,#674,.F.);
#129=ORIENTED_EDGE('',*,*,#675,.F.);
#130=ORIENTED_EDGE('',*,*,#674,.T.);
#131=ORIENTED_EDGE('',*,*,#676,.F.);
#132=ORIENTED_EDGE('',*,*,#677,.F.);
#133=ORIENTED_EDGE('',*,*,#678,.F.);
#134=ORIENTED_EDGE('',*,*,#677,.T.);
#135=ORIENTED_EDGE('',*,*,#679,.F.);
#136=ORIENTED_EDGE('',*,*,#680,.F.);
#137=ORIENTED_EDGE('',*,*,#681,.F.);
#138=ORIENTED_EDGE('',*,*,#682,.F.);
#139=ORIENTED_EDGE('',*,*,#681,.T.);
#140=ORIENTED_EDGE('',*,*,#683,.T.);
#141=ORIENTED_EDGE('',*,*,#684,.T.);
#142=ORIENTED_EDGE('',*,*,#685,.F.);
#143=ORIENTED_EDGE('',*,*,#678,.T.);
#144=ORIENTED_EDGE('',*,*,#682,.T.);
#145=ORIENTED_EDGE('',*,*,#686,.T.);
#146=ORIENTED_EDGE('',*,*,#687,.F.);
#147=ORIENTED_EDGE('',*,*,#675,.T.);
#148=ORIENTED_EDGE('',*,*,#685,.T.);
#149=ORIENTED_EDGE('',*,*,#688,.T.);
#150=ORIENTED_EDGE('',*,*,#689,.T.);
#151=ORIENTED_EDGE('',*,*,#690,.F.);
#152=ORIENTED_EDGE('',*,*,#691,.F.);
#153=ORIENTED_EDGE('',*,*,#692,.F.);
#154=ORIENTED_EDGE('',*,*,#693,.F.);
#155=ORIENTED_EDGE('',*,*,#694,.T.);
#156=ORIENTED_EDGE('',*,*,#687,.T.);
#157=ORIENTED_EDGE('',*,*,#695,.T.);
#158=ORIENTED_EDGE('',*,*,#696,.F.);
#159=ORIENTED_EDGE('',*,*,#697,.F.);
#160=ORIENTED_EDGE('',*,*,#672,.F.);
#161=ORIENTED_EDGE('',*,*,#694,.F.);
#162=ORIENTED_EDGE('',*,*,#698,.F.);
#163=ORIENTED_EDGE('',*,*,#699,.F.);
#164=ORIENTED_EDGE('',*,*,#680,.T.);
#165=ORIENTED_EDGE('',*,*,#700,.F.);
#166=ORIENTED_EDGE('',*,*,#683,.F.);
#167=ORIENTED_EDGE('',*,*,#699,.T.);
#168=ORIENTED_EDGE('',*,*,#701,.T.);
#169=ORIENTED_EDGE('',*,*,#702,.T.);
#170=ORIENTED_EDGE('',*,*,#703,.T.);
#171=ORIENTED_EDGE('',*,*,#700,.T.);
#172=ORIENTED_EDGE('',*,*,#679,.T.);
#173=ORIENTED_EDGE('',*,*,#676,.T.);
#174=ORIENTED_EDGE('',*,*,#673,.T.);
#175=ORIENTED_EDGE('',*,*,#697,.T.);
#176=ORIENTED_EDGE('',*,*,#704,.F.);
#177=ORIENTED_EDGE('',*,*,#705,.T.);
#178=ORIENTED_EDGE('',*,*,#706,.T.);
#179=ORIENTED_EDGE('',*,*,#707,.F.);
#180=ORIENTED_EDGE('',*,*,#708,.T.);
#181=ORIENTED_EDGE('',*,*,#709,.T.);
#182=ORIENTED_EDGE('',*,*,#710,.T.);
#183=ORIENTED_EDGE('',*,*,#705,.F.);
#184=ORIENTED_EDGE('',*,*,#711,.F.);
#185=ORIENTED_EDGE('',*,*,#712,.T.);
#186=ORIENTED_EDGE('',*,*,#713,.T.);
#187=ORIENTED_EDGE('',*,*,#709,.F.);
#188=ORIENTED_EDGE('',*,*,#714,.F.);
#189=ORIENTED_EDGE('',*,*,#707,.T.);
#190=ORIENTED_EDGE('',*,*,#690,.T.);
#191=ORIENTED_EDGE('',*,*,#712,.F.);
#192=ORIENTED_EDGE('',*,*,#715,.T.);
#193=ORIENTED_EDGE('',*,*,#716,.F.);
#194=ORIENTED_EDGE('',*,*,#713,.F.);
#195=ORIENTED_EDGE('',*,*,#689,.F.);
#196=ORIENTED_EDGE('',*,*,#717,.F.);
#197=ORIENTED_EDGE('',*,*,#718,.F.);
#198=ORIENTED_EDGE('',*,*,#716,.T.);
#199=ORIENTED_EDGE('',*,*,#719,.F.);
#200=ORIENTED_EDGE('',*,*,#720,.F.);
#201=ORIENTED_EDGE('',*,*,#710,.F.);
#202=ORIENTED_EDGE('',*,*,#691,.T.);
#203=ORIENTED_EDGE('',*,*,#706,.F.);
#204=ORIENTED_EDGE('',*,*,#720,.T.);
#205=ORIENTED_EDGE('',*,*,#721,.F.);
#206=ORIENTED_EDGE('',*,*,#722,.F.);
#207=ORIENTED_EDGE('',*,*,#723,.F.);
#208=ORIENTED_EDGE('',*,*,#724,.F.);
#209=ORIENTED_EDGE('',*,*,#725,.T.);
#210=ORIENTED_EDGE('',*,*,#702,.F.);
#211=ORIENTED_EDGE('',*,*,#726,.T.);
#212=ORIENTED_EDGE('',*,*,#684,.F.);
#213=ORIENTED_EDGE('',*,*,#725,.F.);
#214=ORIENTED_EDGE('',*,*,#727,.F.);
#215=ORIENTED_EDGE('',*,*,#728,.T.);
#216=ORIENTED_EDGE('',*,*,#686,.F.);
#217=ORIENTED_EDGE('',*,*,#726,.F.);
#218=ORIENTED_EDGE('',*,*,#729,.F.);
#219=ORIENTED_EDGE('',*,*,#730,.T.);
#220=ORIENTED_EDGE('',*,*,#688,.F.);
#221=ORIENTED_EDGE('',*,*,#728,.F.);
#222=ORIENTED_EDGE('',*,*,#731,.F.);
#223=ORIENTED_EDGE('',*,*,#732,.F.);
#224=ORIENTED_EDGE('',*,*,#695,.F.);
#225=ORIENTED_EDGE('',*,*,#730,.F.);
#226=ORIENTED_EDGE('',*,*,#733,.F.);
#227=ORIENTED_EDGE('',*,*,#734,.F.);
#228=ORIENTED_EDGE('',*,*,#735,.T.);
#229=ORIENTED_EDGE('',*,*,#736,.T.);
#230=ORIENTED_EDGE('',*,*,#717,.T.);
#231=ORIENTED_EDGE('',*,*,#692,.T.);
#232=ORIENTED_EDGE('',*,*,#722,.T.);
#233=ORIENTED_EDGE('',*,*,#737,.T.);
#234=ORIENTED_EDGE('',*,*,#738,.T.);
#235=ORIENTED_EDGE('',*,*,#739,.F.);
#236=ORIENTED_EDGE('',*,*,#723,.T.);
#237=ORIENTED_EDGE('',*,*,#701,.F.);
#238=ORIENTED_EDGE('',*,*,#698,.T.);
#239=ORIENTED_EDGE('',*,*,#703,.F.);
#240=ORIENTED_EDGE('',*,*,#696,.T.);
#241=ORIENTED_EDGE('',*,*,#693,.T.);
#242=ORIENTED_EDGE('',*,*,#732,.T.);
#243=ORIENTED_EDGE('',*,*,#704,.T.);
#244=ORIENTED_EDGE('',*,*,#740,.F.);
#245=ORIENTED_EDGE('',*,*,#738,.F.);
#246=ORIENTED_EDGE('',*,*,#741,.T.);
#247=ORIENTED_EDGE('',*,*,#742,.F.);
#248=ORIENTED_EDGE('',*,*,#743,.F.);
#249=ORIENTED_EDGE('',*,*,#744,.F.);
#250=ORIENTED_EDGE('',*,*,#745,.F.);
#251=ORIENTED_EDGE('',*,*,#746,.T.);
#252=ORIENTED_EDGE('',*,*,#747,.F.);
#253=ORIENTED_EDGE('',*,*,#748,.F.);
#254=ORIENTED_EDGE('',*,*,#749,.T.);
#255=ORIENTED_EDGE('',*,*,#715,.F.);
#256=ORIENTED_EDGE('',*,*,#714,.T.);
#257=ORIENTED_EDGE('',*,*,#711,.T.);
#258=ORIENTED_EDGE('',*,*,#708,.F.);
#259=ORIENTED_EDGE('',*,*,#750,.T.);
#260=ORIENTED_EDGE('',*,*,#751,.F.);
#261=ORIENTED_EDGE('',*,*,#752,.T.);
#262=ORIENTED_EDGE('',*,*,#753,.F.);
#263=ORIENTED_EDGE('',*,*,#754,.T.);
#264=ORIENTED_EDGE('',*,*,#741,.F.);
#265=ORIENTED_EDGE('',*,*,#755,.F.);
#266=ORIENTED_EDGE('',*,*,#756,.F.);
#267=ORIENTED_EDGE('',*,*,#736,.F.);
#268=ORIENTED_EDGE('',*,*,#757,.T.);
#269=ORIENTED_EDGE('',*,*,#758,.T.);
#270=ORIENTED_EDGE('',*,*,#759,.F.);
#271=ORIENTED_EDGE('',*,*,#755,.T.);
#272=ORIENTED_EDGE('',*,*,#737,.F.);
#273=ORIENTED_EDGE('',*,*,#721,.T.);
#274=ORIENTED_EDGE('',*,*,#719,.T.);
#275=ORIENTED_EDGE('',*,*,#718,.T.);
#276=ORIENTED_EDGE('',*,*,#740,.T.);
#277=ORIENTED_EDGE('',*,*,#760,.T.);
#278=ORIENTED_EDGE('',*,*,#761,.T.);
#279=ORIENTED_EDGE('',*,*,#734,.T.);
#280=ORIENTED_EDGE('',*,*,#733,.T.);
#281=ORIENTED_EDGE('',*,*,#731,.T.);
#282=ORIENTED_EDGE('',*,*,#729,.T.);
#283=ORIENTED_EDGE('',*,*,#727,.T.);
#284=ORIENTED_EDGE('',*,*,#724,.T.);
#285=ORIENTED_EDGE('',*,*,#739,.T.);
#286=ORIENTED_EDGE('',*,*,#745,.T.);
#287=ORIENTED_EDGE('',*,*,#762,.T.);
#288=ORIENTED_EDGE('',*,*,#661,.T.);
#289=ORIENTED_EDGE('',*,*,#763,.F.);
#290=ORIENTED_EDGE('',*,*,#748,.T.);
#291=ORIENTED_EDGE('',*,*,#764,.F.);
#292=ORIENTED_EDGE('',*,*,#657,.T.);
#293=ORIENTED_EDGE('',*,*,#765,.F.);
#294=ORIENTED_EDGE('',*,*,#669,.T.);
#295=ORIENTED_EDGE('',*,*,#766,.F.);
#296=ORIENTED_EDGE('',*,*,#754,.F.);
#297=ORIENTED_EDGE('',*,*,#668,.F.);
#298=ORIENTED_EDGE('',*,*,#767,.T.);
#299=ORIENTED_EDGE('',*,*,#742,.T.);
#300=ORIENTED_EDGE('',*,*,#766,.T.);
#301=ORIENTED_EDGE('',*,*,#758,.F.);
#302=ORIENTED_EDGE('',*,*,#768,.T.);
#303=ORIENTED_EDGE('',*,*,#769,.F.);
#304=ORIENTED_EDGE('',*,*,#671,.T.);
#305=ORIENTED_EDGE('',*,*,#770,.F.);
#306=ORIENTED_EDGE('',*,*,#752,.F.);
#307=ORIENTED_EDGE('',*,*,#750,.F.);
#308=ORIENTED_EDGE('',*,*,#770,.T.);
#309=ORIENTED_EDGE('',*,*,#670,.T.);
#310=ORIENTED_EDGE('',*,*,#765,.T.);
#311=ORIENTED_EDGE('',*,*,#756,.T.);
#312=ORIENTED_EDGE('',*,*,#759,.T.);
#313=ORIENTED_EDGE('',*,*,#667,.F.);
#314=ORIENTED_EDGE('',*,*,#771,.F.);
#315=ORIENTED_EDGE('',*,*,#743,.T.);
#316=ORIENTED_EDGE('',*,*,#767,.F.);
#317=ORIENTED_EDGE('',*,*,#769,.T.);
#318=ORIENTED_EDGE('',*,*,#772,.T.);
#319=ORIENTED_EDGE('',*,*,#760,.F.);
#320=ORIENTED_EDGE('',*,*,#656,.F.);
#321=ORIENTED_EDGE('',*,*,#773,.F.);
#322=ORIENTED_EDGE('',*,*,#774,.T.);
#323=ORIENTED_EDGE('',*,*,#775,.T.);
#324=ORIENTED_EDGE('',*,*,#652,.F.);
#325=ORIENTED_EDGE('',*,*,#753,.T.);
#326=ORIENTED_EDGE('',*,*,#751,.T.);
#327=ORIENTED_EDGE('',*,*,#659,.F.);
#328=ORIENTED_EDGE('',*,*,#776,.T.);
#329=ORIENTED_EDGE('',*,*,#746,.F.);
#330=ORIENTED_EDGE('',*,*,#777,.T.);
#331=ORIENTED_EDGE('',*,*,#776,.F.);
#332=ORIENTED_EDGE('',*,*,#658,.T.);
#333=ORIENTED_EDGE('',*,*,#764,.T.);
#334=ORIENTED_EDGE('',*,*,#747,.T.);
#335=ORIENTED_EDGE('',*,*,#763,.T.);
#336=ORIENTED_EDGE('',*,*,#660,.T.);
#337=ORIENTED_EDGE('',*,*,#777,.F.);
#338=ORIENTED_EDGE('',*,*,#749,.F.);
#339=ORIENTED_EDGE('',*,*,#778,.F.);
#340=ORIENTED_EDGE('',*,*,#779,.T.);
#341=ORIENTED_EDGE('',*,*,#662,.F.);
#342=ORIENTED_EDGE('',*,*,#762,.F.);
#343=ORIENTED_EDGE('',*,*,#744,.T.);
#344=ORIENTED_EDGE('',*,*,#771,.T.);
#345=ORIENTED_EDGE('',*,*,#666,.F.);
#346=ORIENTED_EDGE('',*,*,#780,.F.);
#347=ORIENTED_EDGE('',*,*,#779,.F.);
#348=ORIENTED_EDGE('',*,*,#781,.F.);
#349=ORIENTED_EDGE('',*,*,#782,.T.);
#350=ORIENTED_EDGE('',*,*,#663,.T.);
#351=ORIENTED_EDGE('',*,*,#778,.T.);
#352=ORIENTED_EDGE('',*,*,#783,.F.);
#353=ORIENTED_EDGE('',*,*,#784,.F.);
#354=ORIENTED_EDGE('',*,*,#781,.T.);
#355=ORIENTED_EDGE('',*,*,#780,.T.);
#356=ORIENTED_EDGE('',*,*,#665,.F.);
#357=ORIENTED_EDGE('',*,*,#785,.F.);
#358=ORIENTED_EDGE('',*,*,#783,.T.);
#359=ORIENTED_EDGE('',*,*,#782,.F.);
#360=ORIENTED_EDGE('',*,*,#784,.T.);
#361=ORIENTED_EDGE('',*,*,#785,.T.);
#362=ORIENTED_EDGE('',*,*,#664,.F.);
#363=ORIENTED_EDGE('',*,*,#775,.F.);
#364=ORIENTED_EDGE('',*,*,#786,.F.);
#365=ORIENTED_EDGE('',*,*,#787,.T.);
#366=ORIENTED_EDGE('',*,*,#653,.F.);
#367=ORIENTED_EDGE('',*,*,#774,.F.);
#368=ORIENTED_EDGE('',*,*,#788,.F.);
#369=ORIENTED_EDGE('',*,*,#789,.T.);
#370=ORIENTED_EDGE('',*,*,#786,.T.);
#371=ORIENTED_EDGE('',*,*,#655,.T.);
#372=ORIENTED_EDGE('',*,*,#790,.F.);
#373=ORIENTED_EDGE('',*,*,#788,.T.);
#374=ORIENTED_EDGE('',*,*,#773,.T.);
#375=ORIENTED_EDGE('',*,*,#787,.F.);
#376=ORIENTED_EDGE('',*,*,#789,.F.);
#377=ORIENTED_EDGE('',*,*,#790,.T.);
#378=ORIENTED_EDGE('',*,*,#654,.F.);
#379=ORIENTED_EDGE('',*,*,#761,.F.);
#380=ORIENTED_EDGE('',*,*,#772,.F.);
#381=ORIENTED_EDGE('',*,*,#768,.F.);
#382=ORIENTED_EDGE('',*,*,#757,.F.);
#383=ORIENTED_EDGE('',*,*,#735,.F.);
#384=ORIENTED_EDGE('',*,*,#791,.F.);
#385=ORIENTED_EDGE('',*,*,#792,.F.);
#386=ORIENTED_EDGE('',*,*,#793,.T.);
#387=ORIENTED_EDGE('',*,*,#794,.T.);
#388=ORIENTED_EDGE('',*,*,#795,.T.);
#389=ORIENTED_EDGE('',*,*,#796,.F.);
#390=ORIENTED_EDGE('',*,*,#797,.F.);
#391=ORIENTED_EDGE('',*,*,#798,.F.);
#392=ORIENTED_EDGE('',*,*,#799,.F.);
#393=ORIENTED_EDGE('',*,*,#800,.F.);
#394=ORIENTED_EDGE('',*,*,#801,.T.);
#395=ORIENTED_EDGE('',*,*,#802,.F.);
#396=ORIENTED_EDGE('',*,*,#803,.T.);
#397=ORIENTED_EDGE('',*,*,#804,.T.);
#398=ORIENTED_EDGE('',*,*,#805,.F.);
#399=ORIENTED_EDGE('',*,*,#806,.T.);
#400=ORIENTED_EDGE('',*,*,#807,.T.);
#401=ORIENTED_EDGE('',*,*,#808,.F.);
#402=ORIENTED_EDGE('',*,*,#809,.T.);
#403=ORIENTED_EDGE('',*,*,#810,.F.);
#404=ORIENTED_EDGE('',*,*,#811,.T.);
#405=ORIENTED_EDGE('',*,*,#812,.T.);
#406=ORIENTED_EDGE('',*,*,#813,.F.);
#407=ORIENTED_EDGE('',*,*,#814,.T.);
#408=ORIENTED_EDGE('',*,*,#815,.F.);
#409=ORIENTED_EDGE('',*,*,#816,.T.);
#410=ORIENTED_EDGE('',*,*,#817,.F.);
#411=ORIENTED_EDGE('',*,*,#818,.T.);
#412=ORIENTED_EDGE('',*,*,#819,.T.);
#413=ORIENTED_EDGE('',*,*,#820,.T.);
#414=ORIENTED_EDGE('',*,*,#798,.T.);
#415=ORIENTED_EDGE('',*,*,#821,.T.);
#416=ORIENTED_EDGE('',*,*,#822,.F.);
#417=ORIENTED_EDGE('',*,*,#823,.F.);
#418=ORIENTED_EDGE('',*,*,#802,.T.);
#419=ORIENTED_EDGE('',*,*,#824,.F.);
#420=ORIENTED_EDGE('',*,*,#825,.T.);
#421=ORIENTED_EDGE('',*,*,#826,.T.);
#422=ORIENTED_EDGE('',*,*,#827,.F.);
#423=ORIENTED_EDGE('',*,*,#822,.T.);
#424=ORIENTED_EDGE('',*,*,#828,.F.);
#425=ORIENTED_EDGE('',*,*,#829,.F.);
#426=ORIENTED_EDGE('',*,*,#830,.T.);
#427=ORIENTED_EDGE('',*,*,#831,.T.);
#428=ORIENTED_EDGE('',*,*,#804,.F.);
#429=ORIENTED_EDGE('',*,*,#832,.T.);
#430=ORIENTED_EDGE('',*,*,#829,.T.);
#431=ORIENTED_EDGE('',*,*,#833,.F.);
#432=ORIENTED_EDGE('',*,*,#806,.F.);
#433=ORIENTED_EDGE('',*,*,#834,.F.);
#434=ORIENTED_EDGE('',*,*,#831,.F.);
#435=ORIENTED_EDGE('',*,*,#835,.T.);
#436=ORIENTED_EDGE('',*,*,#836,.F.);
#437=ORIENTED_EDGE('',*,*,#837,.T.);
#438=ORIENTED_EDGE('',*,*,#838,.T.);
#439=ORIENTED_EDGE('',*,*,#792,.T.);
#440=ORIENTED_EDGE('',*,*,#839,.F.);
#441=ORIENTED_EDGE('',*,*,#840,.F.);
#442=ORIENTED_EDGE('',*,*,#841,.T.);
#443=ORIENTED_EDGE('',*,*,#808,.T.);
#444=ORIENTED_EDGE('',*,*,#813,.T.);
#445=ORIENTED_EDGE('',*,*,#842,.T.);
#446=ORIENTED_EDGE('',*,*,#836,.T.);
#447=ORIENTED_EDGE('',*,*,#807,.F.);
#448=ORIENTED_EDGE('',*,*,#835,.F.);
#449=ORIENTED_EDGE('',*,*,#830,.F.);
#450=ORIENTED_EDGE('',*,*,#832,.F.);
#451=ORIENTED_EDGE('',*,*,#803,.F.);
#452=ORIENTED_EDGE('',*,*,#823,.T.);
#453=ORIENTED_EDGE('',*,*,#827,.T.);
#454=ORIENTED_EDGE('',*,*,#843,.T.);
#455=ORIENTED_EDGE('',*,*,#817,.T.);
#456=ORIENTED_EDGE('',*,*,#844,.T.);
#457=ORIENTED_EDGE('',*,*,#845,.T.);
#458=ORIENTED_EDGE('',*,*,#846,.T.);
#459=ORIENTED_EDGE('',*,*,#847,.T.);
#460=ORIENTED_EDGE('',*,*,#848,.T.);
#461=ORIENTED_EDGE('',*,*,#849,.T.);
#462=ORIENTED_EDGE('',*,*,#850,.T.);
#463=ORIENTED_EDGE('',*,*,#851,.F.);
#464=ORIENTED_EDGE('',*,*,#821,.F.);
#465=ORIENTED_EDGE('',*,*,#797,.T.);
#466=ORIENTED_EDGE('',*,*,#852,.F.);
#467=ORIENTED_EDGE('',*,*,#853,.T.);
#468=ORIENTED_EDGE('',*,*,#825,.F.);
#469=ORIENTED_EDGE('',*,*,#794,.F.);
#470=ORIENTED_EDGE('',*,*,#854,.T.);
#471=ORIENTED_EDGE('',*,*,#855,.T.);
#472=ORIENTED_EDGE('',*,*,#856,.T.);
#473=ORIENTED_EDGE('',*,*,#857,.T.);
#474=ORIENTED_EDGE('',*,*,#858,.F.);
#475=ORIENTED_EDGE('',*,*,#859,.F.);
#476=ORIENTED_EDGE('',*,*,#852,.T.);
#477=ORIENTED_EDGE('',*,*,#796,.T.);
#478=ORIENTED_EDGE('',*,*,#860,.T.);
#479=ORIENTED_EDGE('',*,*,#861,.T.);
#480=ORIENTED_EDGE('',*,*,#862,.T.);
#481=ORIENTED_EDGE('',*,*,#863,.T.);
#482=ORIENTED_EDGE('',*,*,#834,.T.);
#483=ORIENTED_EDGE('',*,*,#805,.T.);
#484=ORIENTED_EDGE('',*,*,#833,.T.);
#485=ORIENTED_EDGE('',*,*,#828,.T.);
#486=ORIENTED_EDGE('',*,*,#861,.F.);
#487=ORIENTED_EDGE('',*,*,#864,.T.);
#488=ORIENTED_EDGE('',*,*,#818,.F.);
#489=ORIENTED_EDGE('',*,*,#843,.F.);
#490=ORIENTED_EDGE('',*,*,#826,.F.);
#491=ORIENTED_EDGE('',*,*,#853,.F.);
#492=ORIENTED_EDGE('',*,*,#865,.T.);
#493=ORIENTED_EDGE('',*,*,#866,.T.);
#494=ORIENTED_EDGE('',*,*,#811,.F.);
#495=ORIENTED_EDGE('',*,*,#867,.F.);
#496=ORIENTED_EDGE('',*,*,#855,.F.);
#497=ORIENTED_EDGE('',*,*,#867,.T.);
#498=ORIENTED_EDGE('',*,*,#864,.F.);
#499=ORIENTED_EDGE('',*,*,#868,.F.);
#500=ORIENTED_EDGE('',*,*,#856,.F.);
#501=ORIENTED_EDGE('',*,*,#795,.F.);
#502=ORIENTED_EDGE('',*,*,#857,.F.);
#503=ORIENTED_EDGE('',*,*,#868,.T.);
#504=ORIENTED_EDGE('',*,*,#860,.F.);
#505=ORIENTED_EDGE('',*,*,#838,.F.);
#506=ORIENTED_EDGE('',*,*,#869,.T.);
#507=ORIENTED_EDGE('',*,*,#865,.F.);
#508=ORIENTED_EDGE('',*,*,#854,.F.);
#509=ORIENTED_EDGE('',*,*,#793,.F.);
#510=ORIENTED_EDGE('',*,*,#859,.T.);
#511=ORIENTED_EDGE('',*,*,#863,.F.);
#512=ORIENTED_EDGE('',*,*,#858,.T.);
#513=ORIENTED_EDGE('',*,*,#862,.F.);
#514=ORIENTED_EDGE('',*,*,#870,.F.);
#515=ORIENTED_EDGE('',*,*,#871,.T.);
#516=ORIENTED_EDGE('',*,*,#872,.T.);
#517=ORIENTED_EDGE('',*,*,#873,.T.);
#518=ORIENTED_EDGE('',*,*,#874,.T.);
#519=ORIENTED_EDGE('',*,*,#875,.T.);
#520=ORIENTED_EDGE('',*,*,#876,.T.);
#521=ORIENTED_EDGE('',*,*,#877,.T.);
#522=ORIENTED_EDGE('',*,*,#878,.T.);
#523=ORIENTED_EDGE('',*,*,#879,.T.);
#524=ORIENTED_EDGE('',*,*,#880,.T.);
#525=ORIENTED_EDGE('',*,*,#881,.T.);
#526=ORIENTED_EDGE('',*,*,#882,.T.);
#527=ORIENTED_EDGE('',*,*,#883,.T.);
#528=ORIENTED_EDGE('',*,*,#884,.T.);
#529=ORIENTED_EDGE('',*,*,#885,.T.);
#530=ORIENTED_EDGE('',*,*,#815,.T.);
#531=ORIENTED_EDGE('',*,*,#876,.F.);
#532=ORIENTED_EDGE('',*,*,#886,.T.);
#533=ORIENTED_EDGE('',*,*,#887,.T.);
#534=ORIENTED_EDGE('',*,*,#888,.T.);
#535=ORIENTED_EDGE('',*,*,#889,.T.);
#536=ORIENTED_EDGE('',*,*,#890,.T.);
#537=ORIENTED_EDGE('',*,*,#887,.F.);
#538=ORIENTED_EDGE('',*,*,#891,.T.);
#539=ORIENTED_EDGE('',*,*,#892,.T.);
#540=ORIENTED_EDGE('',*,*,#893,.T.);
#541=ORIENTED_EDGE('',*,*,#870,.T.);
#542=ORIENTED_EDGE('',*,*,#894,.T.);
#543=ORIENTED_EDGE('',*,*,#878,.F.);
#544=ORIENTED_EDGE('',*,*,#851,.T.);
#545=ORIENTED_EDGE('',*,*,#885,.F.);
#546=ORIENTED_EDGE('',*,*,#895,.T.);
#547=ORIENTED_EDGE('',*,*,#874,.F.);
#548=ORIENTED_EDGE('',*,*,#896,.T.);
#549=ORIENTED_EDGE('',*,*,#844,.F.);
#550=ORIENTED_EDGE('',*,*,#816,.F.);
#551=ORIENTED_EDGE('',*,*,#879,.F.);
#552=ORIENTED_EDGE('',*,*,#814,.F.);
#553=ORIENTED_EDGE('',*,*,#850,.F.);
#554=ORIENTED_EDGE('',*,*,#897,.T.);
#555=ORIENTED_EDGE('',*,*,#872,.F.);
#556=ORIENTED_EDGE('',*,*,#898,.T.);
#557=ORIENTED_EDGE('',*,*,#896,.F.);
#558=ORIENTED_EDGE('',*,*,#877,.F.);
#559=ORIENTED_EDGE('',*,*,#899,.F.);
#560=ORIENTED_EDGE('',*,*,#845,.F.);
#561=ORIENTED_EDGE('',*,*,#899,.T.);
#562=ORIENTED_EDGE('',*,*,#888,.F.);
#563=ORIENTED_EDGE('',*,*,#900,.F.);
#564=ORIENTED_EDGE('',*,*,#846,.F.);
#565=ORIENTED_EDGE('',*,*,#897,.F.);
#566=ORIENTED_EDGE('',*,*,#849,.F.);
#567=ORIENTED_EDGE('',*,*,#901,.F.);
#568=ORIENTED_EDGE('',*,*,#873,.F.);
#569=ORIENTED_EDGE('',*,*,#895,.F.);
#570=ORIENTED_EDGE('',*,*,#884,.F.);
#571=ORIENTED_EDGE('',*,*,#902,.F.);
#572=ORIENTED_EDGE('',*,*,#875,.F.);
#573=ORIENTED_EDGE('',*,*,#900,.T.);
#574=ORIENTED_EDGE('',*,*,#890,.F.);
#575=ORIENTED_EDGE('',*,*,#903,.F.);
#576=ORIENTED_EDGE('',*,*,#847,.F.);
#577=ORIENTED_EDGE('',*,*,#901,.T.);
#578=ORIENTED_EDGE('',*,*,#848,.F.);
#579=ORIENTED_EDGE('',*,*,#904,.F.);
#580=ORIENTED_EDGE('',*,*,#894,.F.);
#581=ORIENTED_EDGE('',*,*,#902,.T.);
#582=ORIENTED_EDGE('',*,*,#883,.F.);
#583=ORIENTED_EDGE('',*,*,#905,.F.);
#584=ORIENTED_EDGE('',*,*,#886,.F.);
#585=ORIENTED_EDGE('',*,*,#904,.T.);
#586=ORIENTED_EDGE('',*,*,#903,.T.);
#587=ORIENTED_EDGE('',*,*,#906,.F.);
#588=ORIENTED_EDGE('',*,*,#905,.T.);
#589=ORIENTED_EDGE('',*,*,#882,.F.);
#590=ORIENTED_EDGE('',*,*,#907,.F.);
#591=ORIENTED_EDGE('',*,*,#891,.F.);
#592=ORIENTED_EDGE('',*,*,#906,.T.);
#593=ORIENTED_EDGE('',*,*,#889,.F.);
#594=ORIENTED_EDGE('',*,*,#908,.F.);
#595=ORIENTED_EDGE('',*,*,#892,.F.);
#596=ORIENTED_EDGE('',*,*,#908,.T.);
#597=ORIENTED_EDGE('',*,*,#907,.T.);
#598=ORIENTED_EDGE('',*,*,#909,.F.);
#599=ORIENTED_EDGE('',*,*,#909,.T.);
#600=ORIENTED_EDGE('',*,*,#881,.F.);
#601=ORIENTED_EDGE('',*,*,#910,.F.);
#602=ORIENTED_EDGE('',*,*,#893,.F.);
#603=ORIENTED_EDGE('',*,*,#898,.F.);
#604=ORIENTED_EDGE('',*,*,#871,.F.);
#605=ORIENTED_EDGE('',*,*,#910,.T.);
#606=ORIENTED_EDGE('',*,*,#880,.F.);
#607=ORIENTED_EDGE('',*,*,#800,.T.);
#608=ORIENTED_EDGE('',*,*,#911,.F.);
#609=ORIENTED_EDGE('',*,*,#912,.F.);
#610=ORIENTED_EDGE('',*,*,#913,.T.);
#611=ORIENTED_EDGE('',*,*,#820,.F.);
#612=ORIENTED_EDGE('',*,*,#914,.F.);
#613=ORIENTED_EDGE('',*,*,#911,.T.);
#614=ORIENTED_EDGE('',*,*,#799,.T.);
#615=ORIENTED_EDGE('',*,*,#819,.F.);
#616=ORIENTED_EDGE('',*,*,#915,.F.);
#617=ORIENTED_EDGE('',*,*,#912,.T.);
#618=ORIENTED_EDGE('',*,*,#914,.T.);
#619=ORIENTED_EDGE('',*,*,#824,.T.);
#620=ORIENTED_EDGE('',*,*,#801,.F.);
#621=ORIENTED_EDGE('',*,*,#913,.F.);
#622=ORIENTED_EDGE('',*,*,#915,.T.);
#623=ORIENTED_EDGE('',*,*,#791,.T.);
#624=ORIENTED_EDGE('',*,*,#916,.T.);
#625=ORIENTED_EDGE('',*,*,#917,.T.);
#626=ORIENTED_EDGE('',*,*,#918,.F.);
#627=ORIENTED_EDGE('',*,*,#919,.F.);
#628=ORIENTED_EDGE('',*,*,#809,.F.);
#629=ORIENTED_EDGE('',*,*,#810,.T.);
#630=ORIENTED_EDGE('',*,*,#919,.T.);
#631=ORIENTED_EDGE('',*,*,#920,.F.);
#632=ORIENTED_EDGE('',*,*,#921,.T.);
#633=ORIENTED_EDGE('',*,*,#922,.T.);
#634=ORIENTED_EDGE('',*,*,#916,.F.);
#635=ORIENTED_EDGE('',*,*,#841,.F.);
#636=ORIENTED_EDGE('',*,*,#923,.F.);
#637=ORIENTED_EDGE('',*,*,#920,.T.);
#638=ORIENTED_EDGE('',*,*,#918,.T.);
#639=ORIENTED_EDGE('',*,*,#840,.T.);
#640=ORIENTED_EDGE('',*,*,#924,.F.);
#641=ORIENTED_EDGE('',*,*,#921,.F.);
#642=ORIENTED_EDGE('',*,*,#923,.T.);
#643=ORIENTED_EDGE('',*,*,#839,.T.);
#644=ORIENTED_EDGE('',*,*,#917,.F.);
#645=ORIENTED_EDGE('',*,*,#922,.F.);
#646=ORIENTED_EDGE('',*,*,#924,.T.);
#647=ORIENTED_EDGE('',*,*,#842,.F.);
#648=ORIENTED_EDGE('',*,*,#812,.F.);
#649=ORIENTED_EDGE('',*,*,#866,.F.);
#650=ORIENTED_EDGE('',*,*,#869,.F.);
#651=ORIENTED_EDGE('',*,*,#837,.F.);
#652=EDGE_CURVE('',#925,#926,#1101,.T.);
#653=EDGE_CURVE('',#926,#927,#1102,.T.);
#654=EDGE_CURVE('',#927,#928,#1103,.T.);
#655=EDGE_CURVE('',#929,#928,#1104,.T.);
#656=EDGE_CURVE('',#929,#930,#1105,.T.);
#657=EDGE_CURVE('',#931,#930,#1106,.T.);
#658=EDGE_CURVE('',#932,#931,#1107,.T.);
#659=EDGE_CURVE('',#932,#933,#1108,.T.);
#660=EDGE_CURVE('',#934,#933,#1109,.T.);
#661=EDGE_CURVE('',#935,#934,#1110,.T.);
#662=EDGE_CURVE('',#935,#936,#1111,.T.);
#663=EDGE_CURVE('',#937,#936,#1112,.T.);
#664=EDGE_CURVE('',#937,#938,#1113,.T.);
#665=EDGE_CURVE('',#938,#939,#1114,.T.);
#666=EDGE_CURVE('',#939,#940,#1115,.T.);
#667=EDGE_CURVE('',#940,#941,#1116,.T.);
#668=EDGE_CURVE('',#941,#942,#1117,.T.);
#669=EDGE_CURVE('',#943,#942,#1118,.T.);
#670=EDGE_CURVE('',#944,#943,#1119,.T.);
#671=EDGE_CURVE('',#925,#944,#1120,.T.);
#672=EDGE_CURVE('',#945,#946,#52,.F.);
#673=EDGE_CURVE('',#947,#946,#1121,.T.);
#674=EDGE_CURVE('',#948,#947,#53,.F.);
#675=EDGE_CURVE('',#945,#948,#1122,.F.);
#676=EDGE_CURVE('',#949,#947,#1123,.T.);
#677=EDGE_CURVE('',#950,#949,#54,.F.);
#678=EDGE_CURVE('',#948,#950,#1124,.F.);
#679=EDGE_CURVE('',#951,#949,#1125,.T.);
#680=EDGE_CURVE('',#952,#951,#55,.F.);
#681=EDGE_CURVE('',#950,#952,#1126,.F.);
#682=EDGE_CURVE('',#950,#953,#1127,.T.);
#683=EDGE_CURVE('',#952,#954,#1128,.T.);
#684=EDGE_CURVE('',#954,#953,#1129,.T.);
#685=EDGE_CURVE('',#948,#955,#1130,.T.);
#686=EDGE_CURVE('',#953,#955,#1131,.T.);
#687=EDGE_CURVE('',#945,#956,#1132,.T.);
#688=EDGE_CURVE('',#955,#956,#1133,.T.);
#689=EDGE_CURVE('',#957,#958,#1134,.T.);
#690=EDGE_CURVE('',#959,#958,#1135,.T.);
#691=EDGE_CURVE('',#960,#959,#1136,.F.);
#692=EDGE_CURVE('',#957,#960,#1137,.T.);
#693=EDGE_CURVE('',#961,#962,#1138,.T.);
#694=EDGE_CURVE('',#961,#945,#1139,.T.);
#695=EDGE_CURVE('',#956,#962,#1140,.F.);
#696=EDGE_CURVE('',#963,#961,#18,.T.);
#697=EDGE_CURVE('',#946,#963,#1141,.F.);
#698=EDGE_CURVE('',#964,#965,#19,.T.);
#699=EDGE_CURVE('',#952,#964,#1142,.F.);
#700=EDGE_CURVE('',#965,#951,#1143,.T.);
#701=EDGE_CURVE('',#964,#966,#1144,.T.);
#702=EDGE_CURVE('',#966,#954,#1145,.T.);
#703=EDGE_CURVE('',#963,#965,#1146,.T.);
#704=EDGE_CURVE('',#967,#967,#20,.T.);
#705=EDGE_CURVE('',#968,#969,#1147,.T.);
#706=EDGE_CURVE('',#969,#959,#1148,.T.);
#707=EDGE_CURVE('',#970,#959,#1149,.T.);
#708=EDGE_CURVE('',#970,#968,#1150,.T.);
#709=EDGE_CURVE('',#971,#972,#1151,.T.);
#710=EDGE_CURVE('',#972,#969,#1152,.T.);
#711=EDGE_CURVE('',#971,#968,#1153,.T.);
#712=EDGE_CURVE('',#973,#958,#1154,.T.);
#713=EDGE_CURVE('',#958,#972,#1155,.T.);
#714=EDGE_CURVE('',#973,#971,#1156,.T.);
#715=EDGE_CURVE('',#973,#970,#1157,.T.);
#716=EDGE_CURVE('',#972,#974,#1158,.F.);
#717=EDGE_CURVE('',#975,#957,#1159,.T.);
#718=EDGE_CURVE('',#974,#975,#1160,.F.);
#719=EDGE_CURVE('',#976,#974,#1161,.F.);
#720=EDGE_CURVE('',#969,#976,#1162,.F.);
#721=EDGE_CURVE('',#977,#976,#1163,.T.);
#722=EDGE_CURVE('',#960,#977,#1164,.T.);
#723=EDGE_CURVE('',#978,#966,#21,.T.);
#724=EDGE_CURVE('',#979,#978,#1165,.F.);
#725=EDGE_CURVE('',#979,#954,#56,.T.);
#726=EDGE_CURVE('',#980,#953,#57,.T.);
#727=EDGE_CURVE('',#980,#979,#1166,.F.);
#728=EDGE_CURVE('',#981,#955,#58,.T.);
#729=EDGE_CURVE('',#981,#980,#1167,.F.);
#730=EDGE_CURVE('',#982,#956,#59,.T.);
#731=EDGE_CURVE('',#982,#981,#1168,.F.);
#732=EDGE_CURVE('',#962,#983,#22,.T.);
#733=EDGE_CURVE('',#983,#982,#1169,.T.);
#734=EDGE_CURVE('',#984,#983,#1170,.T.);
#735=EDGE_CURVE('',#984,#985,#1171,.T.);
#736=EDGE_CURVE('',#985,#975,#1172,.T.);
#737=EDGE_CURVE('',#977,#986,#1173,.T.);
#738=EDGE_CURVE('',#986,#987,#1174,.T.);
#739=EDGE_CURVE('',#978,#987,#1175,.T.);
#740=EDGE_CURVE('',#988,#988,#23,.T.);
#741=EDGE_CURVE('',#986,#989,#24,.F.);
#742=EDGE_CURVE('',#990,#989,#1176,.F.);
#743=EDGE_CURVE('',#991,#990,#25,.F.);
#744=EDGE_CURVE('',#992,#991,#1177,.F.);
#745=EDGE_CURVE('',#987,#992,#26,.T.);
#746=EDGE_CURVE('',#993,#994,#1178,.T.);
#747=EDGE_CURVE('',#995,#994,#1179,.T.);
#748=EDGE_CURVE('',#996,#995,#1180,.T.);
#749=EDGE_CURVE('',#996,#993,#1181,.T.);
#750=EDGE_CURVE('',#997,#997,#27,.T.);
#751=EDGE_CURVE('',#998,#998,#28,.T.);
#752=EDGE_CURVE('',#999,#999,#29,.T.);
#753=EDGE_CURVE('',#1000,#1000,#30,.T.);
#754=EDGE_CURVE('',#1001,#989,#1182,.T.);
#755=EDGE_CURVE('',#1002,#986,#1183,.T.);
#756=EDGE_CURVE('',#1001,#1002,#31,.T.);
#757=EDGE_CURVE('',#985,#1003,#60,.T.);
#758=EDGE_CURVE('',#1003,#1004,#1184,.T.);
#759=EDGE_CURVE('',#1002,#1004,#1185,.T.);
#760=EDGE_CURVE('',#930,#1005,#1186,.T.);
#761=EDGE_CURVE('',#1005,#984,#32,.T.);
#762=EDGE_CURVE('',#992,#935,#1187,.T.);
#763=EDGE_CURVE('',#996,#934,#1188,.T.);
#764=EDGE_CURVE('',#931,#995,#1189,.T.);
#765=EDGE_CURVE('',#943,#1001,#1190,.T.);
#766=EDGE_CURVE('',#989,#942,#1191,.T.);
#767=EDGE_CURVE('',#941,#990,#1192,.T.);
#768=EDGE_CURVE('',#1003,#1006,#61,.T.);
#769=EDGE_CURVE('',#925,#1006,#1193,.T.);
#770=EDGE_CURVE('',#1004,#944,#1194,.T.);
#771=EDGE_CURVE('',#991,#940,#1195,.T.);
#772=EDGE_CURVE('',#1006,#1005,#1196,.F.);
#773=EDGE_CURVE('',#1007,#929,#1197,.T.);
#774=EDGE_CURVE('',#1007,#1008,#1198,.T.);
#775=EDGE_CURVE('',#1008,#926,#1199,.T.);
#776=EDGE_CURVE('',#932,#994,#1200,.T.);
#777=EDGE_CURVE('',#993,#933,#1201,.T.);
#778=EDGE_CURVE('',#1009,#1010,#1202,.T.);
#779=EDGE_CURVE('',#1009,#936,#1203,.T.);
#780=EDGE_CURVE('',#1010,#939,#1204,.T.);
#781=EDGE_CURVE('',#1011,#1009,#1205,.T.);
#782=EDGE_CURVE('',#1011,#937,#1206,.T.);
#783=EDGE_CURVE('',#1012,#1010,#1207,.T.);
#784=EDGE_CURVE('',#1011,#1012,#1208,.T.);
#785=EDGE_CURVE('',#1012,#938,#1209,.T.);
#786=EDGE_CURVE('',#1013,#1008,#1210,.T.);
#787=EDGE_CURVE('',#1013,#927,#1211,.T.);
#788=EDGE_CURVE('',#1014,#1007,#1212,.T.);
#789=EDGE_CURVE('',#1014,#1013,#1213,.T.);
#790=EDGE_CURVE('',#1014,#928,#1214,.T.);
#791=EDGE_CURVE('',#1015,#1016,#1215,.T.);
#792=EDGE_CURVE('',#1017,#1015,#1216,.T.);
#793=EDGE_CURVE('',#1017,#1018,#1217,.T.);
#794=EDGE_CURVE('',#1018,#1019,#1218,.T.);
#795=EDGE_CURVE('',#1019,#1020,#1219,.T.);
#796=EDGE_CURVE('',#1021,#1020,#1220,.T.);
#797=EDGE_CURVE('',#1022,#1021,#1221,.T.);
#798=EDGE_CURVE('',#1023,#1022,#1222,.T.);
#799=EDGE_CURVE('',#1024,#1023,#1223,.T.);
#800=EDGE_CURVE('',#1025,#1024,#1224,.T.);
#801=EDGE_CURVE('',#1025,#1026,#1225,.T.);
#802=EDGE_CURVE('',#1027,#1026,#1226,.T.);
#803=EDGE_CURVE('',#1027,#1028,#1227,.T.);
#804=EDGE_CURVE('',#1028,#1029,#1228,.T.);
#805=EDGE_CURVE('',#1030,#1029,#1229,.T.);
#806=EDGE_CURVE('',#1030,#1031,#1230,.T.);
#807=EDGE_CURVE('',#1031,#1032,#1231,.T.);
#808=EDGE_CURVE('',#1033,#1032,#1232,.T.);
#809=EDGE_CURVE('',#1033,#1034,#1233,.T.);
#810=EDGE_CURVE('',#1016,#1034,#1234,.T.);
#811=EDGE_CURVE('',#1035,#1036,#1235,.T.);
#812=EDGE_CURVE('',#1036,#1037,#1236,.F.);
#813=EDGE_CURVE('',#1038,#1037,#1237,.T.);
#814=EDGE_CURVE('',#1038,#1039,#1238,.T.);
#815=EDGE_CURVE('',#1040,#1039,#1239,.T.);
#816=EDGE_CURVE('',#1040,#1041,#1240,.T.);
#817=EDGE_CURVE('',#1042,#1041,#1241,.T.);
#818=EDGE_CURVE('',#1042,#1035,#1242,.F.);
#819=EDGE_CURVE('',#1043,#1044,#1243,.T.);
#820=EDGE_CURVE('',#1044,#1023,#1244,.T.);
#821=EDGE_CURVE('',#1022,#1045,#1245,.T.);
#822=EDGE_CURVE('',#1046,#1045,#1246,.T.);
#823=EDGE_CURVE('',#1027,#1046,#1247,.T.);
#824=EDGE_CURVE('',#1043,#1026,#1248,.T.);
#825=EDGE_CURVE('',#1045,#1047,#33,.T.);
#826=EDGE_CURVE('',#1047,#1048,#1249,.F.);
#827=EDGE_CURVE('',#1046,#1048,#34,.T.);
#828=EDGE_CURVE('',#1049,#1050,#1250,.T.);
#829=EDGE_CURVE('',#1051,#1049,#1251,.T.);
#830=EDGE_CURVE('',#1051,#1052,#1252,.T.);
#831=EDGE_CURVE('',#1052,#1050,#1253,.T.);
#832=EDGE_CURVE('',#1028,#1051,#1254,.T.);
#833=EDGE_CURVE('',#1029,#1049,#1255,.T.);
#834=EDGE_CURVE('',#1050,#1030,#1256,.T.);
#835=EDGE_CURVE('',#1052,#1031,#1257,.T.);
#836=EDGE_CURVE('',#1053,#1032,#1258,.T.);
#837=EDGE_CURVE('',#1053,#1054,#1259,.T.);
#838=EDGE_CURVE('',#1054,#1017,#1260,.T.);
#839=EDGE_CURVE('',#1055,#1015,#1261,.T.);
#840=EDGE_CURVE('',#1056,#1055,#1262,.T.);
#841=EDGE_CURVE('',#1056,#1033,#1263,.T.);
#842=EDGE_CURVE('',#1037,#1053,#35,.T.);
#843=EDGE_CURVE('',#1048,#1042,#36,.T.);
#844=EDGE_CURVE('',#1041,#1057,#1264,.T.);
#845=EDGE_CURVE('',#1057,#1058,#1265,.T.);
#846=EDGE_CURVE('',#1058,#1059,#1266,.T.);
#847=EDGE_CURVE('',#1059,#1060,#1267,.T.);
#848=EDGE_CURVE('',#1060,#1061,#1268,.T.);
#849=EDGE_CURVE('',#1061,#1062,#1269,.F.);
#850=EDGE_CURVE('',#1062,#1038,#1270,.F.);
#851=EDGE_CURVE('',#1063,#1063,#37,.T.);
#852=EDGE_CURVE('',#1064,#1021,#1271,.T.);
#853=EDGE_CURVE('',#1064,#1047,#38,.F.);
#854=EDGE_CURVE('',#1018,#1065,#1272,.T.);
#855=EDGE_CURVE('',#1065,#1066,#1273,.T.);
#856=EDGE_CURVE('',#1066,#1067,#39,.T.);
#857=EDGE_CURVE('',#1067,#1019,#1274,.T.);
#858=EDGE_CURVE('',#1068,#1068,#40,.T.);
#859=EDGE_CURVE('',#1069,#1069,#41,.T.);
#860=EDGE_CURVE('',#1020,#1070,#1275,.T.);
#861=EDGE_CURVE('',#1070,#1064,#1276,.T.);
#862=EDGE_CURVE('',#1071,#1071,#42,.T.);
#863=EDGE_CURVE('',#1072,#1072,#43,.T.);
#864=EDGE_CURVE('',#1070,#1035,#44,.F.);
#865=EDGE_CURVE('',#1065,#1073,#1277,.T.);
#866=EDGE_CURVE('',#1073,#1036,#62,.T.);
#867=EDGE_CURVE('',#1066,#1035,#1278,.T.);
#868=EDGE_CURVE('',#1067,#1070,#1279,.T.);
#869=EDGE_CURVE('',#1054,#1073,#63,.T.);
#870=EDGE_CURVE('',#1074,#1075,#1280,.T.);
#871=EDGE_CURVE('',#1074,#1076,#1281,.F.);
#872=EDGE_CURVE('',#1076,#1077,#1282,.T.);
#873=EDGE_CURVE('',#1077,#1075,#1283,.T.);
#874=EDGE_CURVE('',#1078,#1079,#1284,.T.);
#875=EDGE_CURVE('',#1079,#1080,#1285,.T.);
#876=EDGE_CURVE('',#1080,#1081,#1286,.T.);
#877=EDGE_CURVE('',#1081,#1078,#1287,.F.);
#878=EDGE_CURVE('',#1082,#1082,#45,.T.);
#879=EDGE_CURVE('',#1039,#1083,#1288,.F.);
#880=EDGE_CURVE('',#1083,#1084,#1289,.T.);
#881=EDGE_CURVE('',#1084,#1085,#1290,.F.);
#882=EDGE_CURVE('',#1085,#1086,#1291,.F.);
#883=EDGE_CURVE('',#1086,#1087,#1292,.F.);
#884=EDGE_CURVE('',#1087,#1088,#1293,.F.);
#885=EDGE_CURVE('',#1088,#1040,#1294,.T.);
#886=EDGE_CURVE('',#1080,#1089,#1295,.T.);
#887=EDGE_CURVE('',#1089,#1090,#1296,.T.);
#888=EDGE_CURVE('',#1090,#1081,#1297,.F.);
#889=EDGE_CURVE('',#1091,#1092,#1298,.T.);
#890=EDGE_CURVE('',#1092,#1090,#1299,.F.);
#891=EDGE_CURVE('',#1089,#1091,#1300,.T.);
#892=EDGE_CURVE('',#1093,#1094,#1301,.F.);
#893=EDGE_CURVE('',#1094,#1074,#1302,.T.);
#894=EDGE_CURVE('',#1075,#1093,#1303,.F.);
#895=EDGE_CURVE('',#1088,#1079,#64,.T.);
#896=EDGE_CURVE('',#1078,#1057,#65,.T.);
#897=EDGE_CURVE('',#1062,#1077,#66,.F.);
#898=EDGE_CURVE('',#1076,#1083,#67,.F.);
#899=EDGE_CURVE('',#1058,#1081,#68,.T.);
#900=EDGE_CURVE('',#1059,#1090,#69,.T.);
#901=EDGE_CURVE('',#1075,#1061,#70,.F.);
#902=EDGE_CURVE('',#1080,#1087,#71,.F.);
#903=EDGE_CURVE('',#1060,#1092,#46,.T.);
#904=EDGE_CURVE('',#1093,#1060,#47,.T.);
#905=EDGE_CURVE('',#1089,#1086,#72,.F.);
#906=EDGE_CURVE('',#1093,#1092,#48,.F.);
#907=EDGE_CURVE('',#1091,#1085,#49,.T.);
#908=EDGE_CURVE('',#1094,#1091,#50,.T.);
#909=EDGE_CURVE('',#1094,#1085,#51,.F.);
#910=EDGE_CURVE('',#1074,#1084,#73,.F.);
#911=EDGE_CURVE('',#1095,#1024,#1304,.T.);
#912=EDGE_CURVE('',#1096,#1095,#1305,.T.);
#913=EDGE_CURVE('',#1096,#1025,#1306,.T.);
#914=EDGE_CURVE('',#1095,#1044,#1307,.T.);
#915=EDGE_CURVE('',#1096,#1043,#1308,.T.);
#916=EDGE_CURVE('',#1016,#1097,#1309,.T.);
#917=EDGE_CURVE('',#1097,#1015,#1310,.T.);
#918=EDGE_CURVE('',#1098,#1033,#1311,.T.);
#919=EDGE_CURVE('',#1034,#1098,#1312,.T.);
#920=EDGE_CURVE('',#1099,#1098,#1313,.T.);
#921=EDGE_CURVE('',#1099,#1100,#1314,.T.);
#922=EDGE_CURVE('',#1100,#1097,#1315,.T.);
#923=EDGE_CURVE('',#1099,#1056,#1316,.T.);
#924=EDGE_CURVE('',#1100,#1055,#1317,.T.);
#925=VERTEX_POINT('',#2696);
#926=VERTEX_POINT('',#2697);
#927=VERTEX_POINT('',#2699);
#928=VERTEX_POINT('',#2701);
#929=VERTEX_POINT('',#2703);
#930=VERTEX_POINT('',#2705);
#931=VERTEX_POINT('',#2707);
#932=VERTEX_POINT('',#2709);
#933=VERTEX_POINT('',#2711);
#934=VERTEX_POINT('',#2713);
#935=VERTEX_POINT('',#2715);
#936=VERTEX_POINT('',#2717);
#937=VERTEX_POINT('',#2719);
#938=VERTEX_POINT('',#2721);
#939=VERTEX_POINT('',#2723);
#940=VERTEX_POINT('',#2725);
#941=VERTEX_POINT('',#2727);
#942=VERTEX_POINT('',#2729);
#943=VERTEX_POINT('',#2731);
#944=VERTEX_POINT('',#2733);
#945=VERTEX_POINT('',#2737);
#946=VERTEX_POINT('',#2738);
#947=VERTEX_POINT('',#2740);
#948=VERTEX_POINT('',#2742);
#949=VERTEX_POINT('',#2746);
#950=VERTEX_POINT('',#2748);
#951=VERTEX_POINT('',#2752);
#952=VERTEX_POINT('',#2754);
#953=VERTEX_POINT('',#2758);
#954=VERTEX_POINT('',#2760);
#955=VERTEX_POINT('',#2764);
#956=VERTEX_POINT('',#2768);
#957=VERTEX_POINT('',#2772);
#958=VERTEX_POINT('',#2773);
#959=VERTEX_POINT('',#2775);
#960=VERTEX_POINT('',#2777);
#961=VERTEX_POINT('',#2781);
#962=VERTEX_POINT('',#2782);
#963=VERTEX_POINT('',#2787);
#964=VERTEX_POINT('',#2791);
#965=VERTEX_POINT('',#2792);
#966=VERTEX_POINT('',#2797);
#967=VERTEX_POINT('',#2802);
#968=VERTEX_POINT('',#2805);
#969=VERTEX_POINT('',#2806);
#970=VERTEX_POINT('',#2809);
#971=VERTEX_POINT('',#2813);
#972=VERTEX_POINT('',#2814);
#973=VERTEX_POINT('',#2819);
#974=VERTEX_POINT('',#2826);
#975=VERTEX_POINT('',#2828);
#976=VERTEX_POINT('',#2832);
#977=VERTEX_POINT('',#2836);
#978=VERTEX_POINT('',#2840);
#979=VERTEX_POINT('',#2842);
#980=VERTEX_POINT('',#2846);
#981=VERTEX_POINT('',#2850);
#982=VERTEX_POINT('',#2854);
#983=VERTEX_POINT('',#2858);
#984=VERTEX_POINT('',#2862);
#985=VERTEX_POINT('',#2864);
#986=VERTEX_POINT('',#2867);
#987=VERTEX_POINT('',#2869);
#988=VERTEX_POINT('',#2873);
#989=VERTEX_POINT('',#2876);
#990=VERTEX_POINT('',#2878);
#991=VERTEX_POINT('',#2880);
#992=VERTEX_POINT('',#2882);
#993=VERTEX_POINT('',#2886);
#994=VERTEX_POINT('',#2887);
#995=VERTEX_POINT('',#2889);
#996=VERTEX_POINT('',#2891);
#997=VERTEX_POINT('',#2895);
#998=VERTEX_POINT('',#2897);
#999=VERTEX_POINT('',#2900);
#1000=VERTEX_POINT('',#2902);
#1001=VERTEX_POINT('',#2905);
#1002=VERTEX_POINT('',#2907);
#1003=VERTEX_POINT('',#2911);
#1004=VERTEX_POINT('',#2913);
#1005=VERTEX_POINT('',#2917);
#1006=VERTEX_POINT('',#2929);
#1007=VERTEX_POINT('',#2938);
#1008=VERTEX_POINT('',#2940);
#1009=VERTEX_POINT('',#2949);
#1010=VERTEX_POINT('',#2950);
#1011=VERTEX_POINT('',#2955);
#1012=VERTEX_POINT('',#2959);
#1013=VERTEX_POINT('',#2966);
#1014=VERTEX_POINT('',#2970);
#1015=VERTEX_POINT('',#2979);
#1016=VERTEX_POINT('',#2980);
#1017=VERTEX_POINT('',#2982);
#1018=VERTEX_POINT('',#2984);
#1019=VERTEX_POINT('',#2986);
#1020=VERTEX_POINT('',#2988);
#1021=VERTEX_POINT('',#2990);
#1022=VERTEX_POINT('',#2992);
#1023=VERTEX_POINT('',#2994);
#1024=VERTEX_POINT('',#2996);
#1025=VERTEX_POINT('',#2998);
#1026=VERTEX_POINT('',#3000);
#1027=VERTEX_POINT('',#3002);
#1028=VERTEX_POINT('',#3004);
#1029=VERTEX_POINT('',#3006);
#1030=VERTEX_POINT('',#3008);
#1031=VERTEX_POINT('',#3010);
#1032=VERTEX_POINT('',#3012);
#1033=VERTEX_POINT('',#3014);
#1034=VERTEX_POINT('',#3016);
#1035=VERTEX_POINT('',#3020);
#1036=VERTEX_POINT('',#3021);
#1037=VERTEX_POINT('',#3023);
#1038=VERTEX_POINT('',#3025);
#1039=VERTEX_POINT('',#3027);
#1040=VERTEX_POINT('',#3029);
#1041=VERTEX_POINT('',#3031);
#1042=VERTEX_POINT('',#3033);
#1043=VERTEX_POINT('',#3037);
#1044=VERTEX_POINT('',#3038);
#1045=VERTEX_POINT('',#3041);
#1046=VERTEX_POINT('',#3043);
#1047=VERTEX_POINT('',#3048);
#1048=VERTEX_POINT('',#3050);
#1049=VERTEX_POINT('',#3054);
#1050=VERTEX_POINT('',#3055);
#1051=VERTEX_POINT('',#3057);
#1052=VERTEX_POINT('',#3059);
#1053=VERTEX_POINT('',#3069);
#1054=VERTEX_POINT('',#3071);
#1055=VERTEX_POINT('',#3074);
#1056=VERTEX_POINT('',#3076);
#1057=VERTEX_POINT('',#3082);
#1058=VERTEX_POINT('',#3084);
#1059=VERTEX_POINT('',#3086);
#1060=VERTEX_POINT('',#3088);
#1061=VERTEX_POINT('',#3090);
#1062=VERTEX_POINT('',#3092);
#1063=VERTEX_POINT('',#3095);
#1064=VERTEX_POINT('',#3098);
#1065=VERTEX_POINT('',#3102);
#1066=VERTEX_POINT('',#3104);
#1067=VERTEX_POINT('',#3106);
#1068=VERTEX_POINT('',#3109);
#1069=VERTEX_POINT('',#3111);
#1070=VERTEX_POINT('',#3114);
#1071=VERTEX_POINT('',#3118);
#1072=VERTEX_POINT('',#3120);
#1073=VERTEX_POINT('',#3125);
#1074=VERTEX_POINT('',#3137);
#1075=VERTEX_POINT('',#3138);
#1076=VERTEX_POINT('',#3140);
#1077=VERTEX_POINT('',#3142);
#1078=VERTEX_POINT('',#3146);
#1079=VERTEX_POINT('',#3147);
#1080=VERTEX_POINT('',#3149);
#1081=VERTEX_POINT('',#3151);
#1082=VERTEX_POINT('',#3155);
#1083=VERTEX_POINT('',#3157);
#1084=VERTEX_POINT('',#3159);
#1085=VERTEX_POINT('',#3161);
#1086=VERTEX_POINT('',#3163);
#1087=VERTEX_POINT('',#3165);
#1088=VERTEX_POINT('',#3167);
#1089=VERTEX_POINT('',#3171);
#1090=VERTEX_POINT('',#3173);
#1091=VERTEX_POINT('',#3177);
#1092=VERTEX_POINT('',#3178);
#1093=VERTEX_POINT('',#3183);
#1094=VERTEX_POINT('',#3184);
#1095=VERTEX_POINT('',#3221);
#1096=VERTEX_POINT('',#3223);
#1097=VERTEX_POINT('',#3232);
#1098=VERTEX_POINT('',#3236);
#1099=VERTEX_POINT('',#3240);
#1100=VERTEX_POINT('',#3242);
#1101=LINE('',#2695,#1318);
#1102=LINE('',#2698,#1319);
#1103=LINE('',#2700,#1320);
#1104=LINE('',#2702,#1321);
#1105=LINE('',#2704,#1322);
#1106=LINE('',#2706,#1323);
#1107=LINE('',#2708,#1324);
#1108=LINE('',#2710,#1325);
#1109=LINE('',#2712,#1326);
#1110=LINE('',#2714,#1327);
#1111=LINE('',#2716,#1328);
#1112=LINE('',#2718,#1329);
#1113=LINE('',#2720,#1330);
#1114=LINE('',#2722,#1331);
#1115=LINE('',#2724,#1332);
#1116=LINE('',#2726,#1333);
#1117=LINE('',#2728,#1334);
#1118=LINE('',#2730,#1335);
#1119=LINE('',#2732,#1336);
#1120=LINE('',#2734,#1337);
#1121=LINE('',#2739,#1338);
#1122=LINE('',#2743,#1339);
#1123=LINE('',#2745,#1340);
#1124=LINE('',#2749,#1341);
#1125=LINE('',#2751,#1342);
#1126=LINE('',#2755,#1343);
#1127=LINE('',#2757,#1344);
#1128=LINE('',#2759,#1345);
#1129=LINE('',#2761,#1346);
#1130=LINE('',#2763,#1347);
#1131=LINE('',#2765,#1348);
#1132=LINE('',#2767,#1349);
#1133=LINE('',#2769,#1350);
#1134=LINE('',#2771,#1351);
#1135=LINE('',#2774,#1352);
#1136=LINE('',#2776,#1353);
#1137=LINE('',#2778,#1354);
#1138=LINE('',#2780,#1355);
#1139=LINE('',#2783,#1356);
#1140=LINE('',#2784,#1357);
#1141=LINE('',#2788,#1358);
#1142=LINE('',#2793,#1359);
#1143=LINE('',#2794,#1360);
#1144=LINE('',#2796,#1361);
#1145=LINE('',#2798,#1362);
#1146=LINE('',#2800,#1363);
#1147=LINE('',#2804,#1364);
#1148=LINE('',#2807,#1365);
#1149=LINE('',#2808,#1366);
#1150=LINE('',#2810,#1367);
#1151=LINE('',#2812,#1368);
#1152=LINE('',#2815,#1369);
#1153=LINE('',#2816,#1370);
#1154=LINE('',#2818,#1371);
#1155=LINE('',#2820,#1372);
#1156=LINE('',#2821,#1373);
#1157=LINE('',#2823,#1374);
#1158=LINE('',#2825,#1375);
#1159=LINE('',#2827,#1376);
#1160=LINE('',#2829,#1377);
#1161=LINE('',#2831,#1378);
#1162=LINE('',#2833,#1379);
#1163=LINE('',#2835,#1380);
#1164=LINE('',#2837,#1381);
#1165=LINE('',#2841,#1382);
#1166=LINE('',#2847,#1383);
#1167=LINE('',#2851,#1384);
#1168=LINE('',#2855,#1385);
#1169=LINE('',#2859,#1386);
#1170=LINE('',#2861,#1387);
#1171=LINE('',#2863,#1388);
#1172=LINE('',#2865,#1389);
#1173=LINE('',#2866,#1390);
#1174=LINE('',#2868,#1391);
#1175=LINE('',#2870,#1392);
#1176=LINE('',#2877,#1393);
#1177=LINE('',#2881,#1394);
#1178=LINE('',#2885,#1395);
#1179=LINE('',#2888,#1396);
#1180=LINE('',#2890,#1397);
#1181=LINE('',#2892,#1398);
#1182=LINE('',#2904,#1399);
#1183=LINE('',#2906,#1400);
#1184=LINE('',#2912,#1401);
#1185=LINE('',#2914,#1402);
#1186=LINE('',#2916,#1403);
#1187=LINE('',#2919,#1404);
#1188=LINE('',#2920,#1405);
#1189=LINE('',#2921,#1406);
#1190=LINE('',#2923,#1407);
#1191=LINE('',#2924,#1408);
#1192=LINE('',#2926,#1409);
#1193=LINE('',#2930,#1410);
#1194=LINE('',#2931,#1411);
#1195=LINE('',#2934,#1412);
#1196=LINE('',#2936,#1413);
#1197=LINE('',#2937,#1414);
#1198=LINE('',#2939,#1415);
#1199=LINE('',#2941,#1416);
#1200=LINE('',#2943,#1417);
#1201=LINE('',#2944,#1418);
#1202=LINE('',#2948,#1419);
#1203=LINE('',#2951,#1420);
#1204=LINE('',#2952,#1421);
#1205=LINE('',#2954,#1422);
#1206=LINE('',#2956,#1423);
#1207=LINE('',#2958,#1424);
#1208=LINE('',#2960,#1425);
#1209=LINE('',#2962,#1426);
#1210=LINE('',#2965,#1427);
#1211=LINE('',#2967,#1428);
#1212=LINE('',#2969,#1429);
#1213=LINE('',#2971,#1430);
#1214=LINE('',#2973,#1431);
#1215=LINE('',#2978,#1432);
#1216=LINE('',#2981,#1433);
#1217=LINE('',#2983,#1434);
#1218=LINE('',#2985,#1435);
#1219=LINE('',#2987,#1436);
#1220=LINE('',#2989,#1437);
#1221=LINE('',#2991,#1438);
#1222=LINE('',#2993,#1439);
#1223=LINE('',#2995,#1440);
#1224=LINE('',#2997,#1441);
#1225=LINE('',#2999,#1442);
#1226=LINE('',#3001,#1443);
#1227=LINE('',#3003,#1444);
#1228=LINE('',#3005,#1445);
#1229=LINE('',#3007,#1446);
#1230=LINE('',#3009,#1447);
#1231=LINE('',#3011,#1448);
#1232=LINE('',#3013,#1449);
#1233=LINE('',#3015,#1450);
#1234=LINE('',#3017,#1451);
#1235=LINE('',#3019,#1452);
#1236=LINE('',#3022,#1453);
#1237=LINE('',#3024,#1454);
#1238=LINE('',#3026,#1455);
#1239=LINE('',#3028,#1456);
#1240=LINE('',#3030,#1457);
#1241=LINE('',#3032,#1458);
#1242=LINE('',#3034,#1459);
#1243=LINE('',#3036,#1460);
#1244=LINE('',#3039,#1461);
#1245=LINE('',#3040,#1462);
#1246=LINE('',#3042,#1463);
#1247=LINE('',#3044,#1464);
#1248=LINE('',#3045,#1465);
#1249=LINE('',#3049,#1466);
#1250=LINE('',#3053,#1467);
#1251=LINE('',#3056,#1468);
#1252=LINE('',#3058,#1469);
#1253=LINE('',#3060,#1470);
#1254=LINE('',#3062,#1471);
#1255=LINE('',#3063,#1472);
#1256=LINE('',#3065,#1473);
#1257=LINE('',#3066,#1474);
#1258=LINE('',#3068,#1475);
#1259=LINE('',#3070,#1476);
#1260=LINE('',#3072,#1477);
#1261=LINE('',#3073,#1478);
#1262=LINE('',#3075,#1479);
#1263=LINE('',#3077,#1480);
#1264=LINE('',#3081,#1481);
#1265=LINE('',#3083,#1482);
#1266=LINE('',#3085,#1483);
#1267=LINE('',#3087,#1484);
#1268=LINE('',#3089,#1485);
#1269=LINE('',#3091,#1486);
#1270=LINE('',#3093,#1487);
#1271=LINE('',#3097,#1488);
#1272=LINE('',#3101,#1489);
#1273=LINE('',#3103,#1490);
#1274=LINE('',#3107,#1491);
#1275=LINE('',#3113,#1492);
#1276=LINE('',#3115,#1493);
#1277=LINE('',#3124,#1494);
#1278=LINE('',#3127,#1495);
#1279=LINE('',#3129,#1496);
#1280=LINE('',#3136,#1497);
#1281=LINE('',#3139,#1498);
#1282=LINE('',#3141,#1499);
#1283=LINE('',#3143,#1500);
#1284=LINE('',#3145,#1501);
#1285=LINE('',#3148,#1502);
#1286=LINE('',#3150,#1503);
#1287=LINE('',#3152,#1504);
#1288=LINE('',#3156,#1505);
#1289=LINE('',#3158,#1506);
#1290=LINE('',#3160,#1507);
#1291=LINE('',#3162,#1508);
#1292=LINE('',#3164,#1509);
#1293=LINE('',#3166,#1510);
#1294=LINE('',#3168,#1511);
#1295=LINE('',#3170,#1512);
#1296=LINE('',#3172,#1513);
#1297=LINE('',#3174,#1514);
#1298=LINE('',#3176,#1515);
#1299=LINE('',#3179,#1516);
#1300=LINE('',#3180,#1517);
#1301=LINE('',#3182,#1518);
#1302=LINE('',#3185,#1519);
#1303=LINE('',#3186,#1520);
#1304=LINE('',#3220,#1521);
#1305=LINE('',#3222,#1522);
#1306=LINE('',#3224,#1523);
#1307=LINE('',#3226,#1524);
#1308=LINE('',#3228,#1525);
#1309=LINE('',#3231,#1526);
#1310=LINE('',#3233,#1527);
#1311=LINE('',#3235,#1528);
#1312=LINE('',#3237,#1529);
#1313=LINE('',#3239,#1530);
#1314=LINE('',#3241,#1531);
#1315=LINE('',#3243,#1532);
#1316=LINE('',#3245,#1533);
#1317=LINE('',#3247,#1534);
#1318=VECTOR('',#2152,1.);
#1319=VECTOR('',#2153,1.);
#1320=VECTOR('',#2154,1.);
#1321=VECTOR('',#2155,1.);
#1322=VECTOR('',#2156,1.);
#1323=VECTOR('',#2157,1.);
#1324=VECTOR('',#2158,1.);
#1325=VECTOR('',#2159,1.);
#1326=VECTOR('',#2160,1.);
#1327=VECTOR('',#2161,1.);
#1328=VECTOR('',#2162,1.);
#1329=VECTOR('',#2163,1.);
#1330=VECTOR('',#2164,1.);
#1331=VECTOR('',#2165,1.);
#1332=VECTOR('',#2166,1.);
#1333=VECTOR('',#2167,1.);
#1334=VECTOR('',#2168,1.);
#1335=VECTOR('',#2169,1.);
#1336=VECTOR('',#2170,1.);
#1337=VECTOR('',#2171,1.);
#1338=VECTOR('',#2176,1.);
#1339=VECTOR('',#2179,1.);
#1340=VECTOR('',#2182,1.);
#1341=VECTOR('',#2185,1.);
#1342=VECTOR('',#2188,1.);
#1343=VECTOR('',#2191,1.);
#1344=VECTOR('',#2194,1.);
#1345=VECTOR('',#2195,1.);
#1346=VECTOR('',#2196,1.);
#1347=VECTOR('',#2199,1.);
#1348=VECTOR('',#2200,1.);
#1349=VECTOR('',#2203,1.);
#1350=VECTOR('',#2204,1.);
#1351=VECTOR('',#2207,1.);
#1352=VECTOR('',#2208,1.);
#1353=VECTOR('',#2209,1.);
#1354=VECTOR('',#2210,1.);
#1355=VECTOR('',#2213,1.);
#1356=VECTOR('',#2214,1.);
#1357=VECTOR('',#2215,1.);
#1358=VECTOR('',#2220,1.);
#1359=VECTOR('',#2225,1.);
#1360=VECTOR('',#2226,1.);
#1361=VECTOR('',#2229,1.);
#1362=VECTOR('',#2230,1.);
#1363=VECTOR('',#2233,1.);
#1364=VECTOR('',#2238,1.);
#1365=VECTOR('',#2239,1.);
#1366=VECTOR('',#2240,1.);
#1367=VECTOR('',#2241,1.);
#1368=VECTOR('',#2244,1.);
#1369=VECTOR('',#2245,1.);
#1370=VECTOR('',#2246,1.);
#1371=VECTOR('',#2249,1.);
#1372=VECTOR('',#2250,1.);
#1373=VECTOR('',#2251,1.);
#1374=VECTOR('',#2254,1.);
#1375=VECTOR('',#2257,1.);
#1376=VECTOR('',#2258,1.);
#1377=VECTOR('',#2259,1.);
#1378=VECTOR('',#2262,1.);
#1379=VECTOR('',#2263,1.);
#1380=VECTOR('',#2266,1.);
#1381=VECTOR('',#2267,1.);
#1382=VECTOR('',#2272,1.);
#1383=VECTOR('',#2279,1.);
#1384=VECTOR('',#2284,1.);
#1385=VECTOR('',#2289,1.);
#1386=VECTOR('',#2294,1.);
#1387=VECTOR('',#2297,1.);
#1388=VECTOR('',#2298,1.);
#1389=VECTOR('',#2299,1.);
#1390=VECTOR('',#2300,1.);
#1391=VECTOR('',#2301,1.);
#1392=VECTOR('',#2302,1.);
#1393=VECTOR('',#2311,1.);
#1394=VECTOR('',#2314,1.);
#1395=VECTOR('',#2319,1.);
#1396=VECTOR('',#2320,1.);
#1397=VECTOR('',#2321,1.);
#1398=VECTOR('',#2322,1.);
#1399=VECTOR('',#2337,1.);
#1400=VECTOR('',#2338,1.);
#1401=VECTOR('',#2345,1.);
#1402=VECTOR('',#2346,1.);
#1403=VECTOR('',#2349,1.);
#1404=VECTOR('',#2352,1.);
#1405=VECTOR('',#2353,1.);
#1406=VECTOR('',#2354,1.);
#1407=VECTOR('',#2357,1.);
#1408=VECTOR('',#2358,1.);
#1409=VECTOR('',#2361,1.);
#1410=VECTOR('',#2366,1.);
#1411=VECTOR('',#2367,1.);
#1412=VECTOR('',#2372,1.);
#1413=VECTOR('',#2375,1.);
#1414=VECTOR('',#2376,1.);
#1415=VECTOR('',#2377,1.);
#1416=VECTOR('',#2378,1.);
#1417=VECTOR('',#2381,1.);
#1418=VECTOR('',#2382,1.);
#1419=VECTOR('',#2389,1.);
#1420=VECTOR('',#2390,1.);
#1421=VECTOR('',#2391,1.);
#1422=VECTOR('',#2394,1.);
#1423=VECTOR('',#2395,1.);
#1424=VECTOR('',#2398,1.);
#1425=VECTOR('',#2399,1.);
#1426=VECTOR('',#2402,1.);
#1427=VECTOR('',#2407,1.);
#1428=VECTOR('',#2408,1.);
#1429=VECTOR('',#2411,1.);
#1430=VECTOR('',#2412,1.);
#1431=VECTOR('',#2415,1.);
#1432=VECTOR('',#2424,1.);
#1433=VECTOR('',#2425,1.);
#1434=VECTOR('',#2426,1.);
#1435=VECTOR('',#2427,1.);
#1436=VECTOR('',#2428,1.);
#1437=VECTOR('',#2429,1.);
#1438=VECTOR('',#2430,1.);
#1439=VECTOR('',#2431,1.);
#1440=VECTOR('',#2432,1.);
#1441=VECTOR('',#2433,1.);
#1442=VECTOR('',#2434,1.);
#1443=VECTOR('',#2435,1.);
#1444=VECTOR('',#2436,1.);
#1445=VECTOR('',#2437,1.);
#1446=VECTOR('',#2438,1.);
#1447=VECTOR('',#2439,1.);
#1448=VECTOR('',#2440,1.);
#1449=VECTOR('',#2441,1.);
#1450=VECTOR('',#2442,1.);
#1451=VECTOR('',#2443,1.);
#1452=VECTOR('',#2446,1.);
#1453=VECTOR('',#2447,1.);
#1454=VECTOR('',#2448,1.);
#1455=VECTOR('',#2449,1.);
#1456=VECTOR('',#2450,1.);
#1457=VECTOR('',#2451,1.);
#1458=VECTOR('',#2452,1.);
#1459=VECTOR('',#2453,1.);
#1460=VECTOR('',#2456,1.);
#1461=VECTOR('',#2457,1.);
#1462=VECTOR('',#2458,1.);
#1463=VECTOR('',#2459,1.);
#1464=VECTOR('',#2460,1.);
#1465=VECTOR('',#2461,1.);
#1466=VECTOR('',#2466,1.);
#1467=VECTOR('',#2471,1.);
#1468=VECTOR('',#2472,1.);
#1469=VECTOR('',#2473,1.);
#1470=VECTOR('',#2474,1.);
#1471=VECTOR('',#2477,1.);
#1472=VECTOR('',#2478,1.);
#1473=VECTOR('',#2481,1.);
#1474=VECTOR('',#2482,1.);
#1475=VECTOR('',#2485,1.);
#1476=VECTOR('',#2486,1.);
#1477=VECTOR('',#2487,1.);
#1478=VECTOR('',#2488,1.);
#1479=VECTOR('',#2489,1.);
#1480=VECTOR('',#2490,1.);
#1481=VECTOR('',#2497,1.);
#1482=VECTOR('',#2498,1.);
#1483=VECTOR('',#2499,1.);
#1484=VECTOR('',#2500,1.);
#1485=VECTOR('',#2501,1.);
#1486=VECTOR('',#2502,1.);
#1487=VECTOR('',#2503,1.);
#1488=VECTOR('',#2508,1.);
#1489=VECTOR('',#2513,1.);
#1490=VECTOR('',#2514,1.);
#1491=VECTOR('',#2517,1.);
#1492=VECTOR('',#2524,1.);
#1493=VECTOR('',#2525,1.);
#1494=VECTOR('',#2538,1.);
#1495=VECTOR('',#2541,1.);
#1496=VECTOR('',#2544,1.);
#1497=VECTOR('',#2557,1.);
#1498=VECTOR('',#2558,1.);
#1499=VECTOR('',#2559,1.);
#1500=VECTOR('',#2560,1.);
#1501=VECTOR('',#2563,1.);
#1502=VECTOR('',#2564,1.);
#1503=VECTOR('',#2565,1.);
#1504=VECTOR('',#2566,1.);
#1505=VECTOR('',#2571,1.);
#1506=VECTOR('',#2572,1.);
#1507=VECTOR('',#2573,1.);
#1508=VECTOR('',#2574,1.);
#1509=VECTOR('',#2575,1.);
#1510=VECTOR('',#2576,1.);
#1511=VECTOR('',#2577,1.);
#1512=VECTOR('',#2580,1.);
#1513=VECTOR('',#2581,1.);
#1514=VECTOR('',#2582,1.);
#1515=VECTOR('',#2585,1.);
#1516=VECTOR('',#2586,1.);
#1517=VECTOR('',#2587,1.);
#1518=VECTOR('',#2590,1.);
#1519=VECTOR('',#2591,1.);
#1520=VECTOR('',#2592,1.);
#1521=VECTOR('',#2659,1.);
#1522=VECTOR('',#2660,1.);
#1523=VECTOR('',#2661,1.);
#1524=VECTOR('',#2664,1.);
#1525=VECTOR('',#2667,1.);
#1526=VECTOR('',#2672,1.);
#1527=VECTOR('',#2673,1.);
#1528=VECTOR('',#2676,1.);
#1529=VECTOR('',#2677,1.);
#1530=VECTOR('',#2680,1.);
#1531=VECTOR('',#2681,1.);
#1532=VECTOR('',#2682,1.);
#1533=VECTOR('',#2685,1.);
#1534=VECTOR('',#2688,1.);
#1535=EDGE_LOOP('',(#106,#107,#108,#109,#110,#111,#112,#113,#114,#115,#116,
#117,#118,#119,#120,#121,#122,#123,#124,#125));
#1536=EDGE_LOOP('',(#126,#127,#128,#129));
#1537=EDGE_LOOP('',(#130,#131,#132,#133));
#1538=EDGE_LOOP('',(#134,#135,#136,#137));
#1539=EDGE_LOOP('',(#138,#139,#140,#141));
#1540=EDGE_LOOP('',(#142,#143,#144,#145));
#1541=EDGE_LOOP('',(#146,#147,#148,#149));
#1542=EDGE_LOOP('',(#150,#151,#152,#153));
#1543=EDGE_LOOP('',(#154,#155,#156,#157));
#1544=EDGE_LOOP('',(#158,#159,#160,#161));
#1545=EDGE_LOOP('',(#162,#163,#164,#165));
#1546=EDGE_LOOP('',(#166,#167,#168,#169));
#1547=EDGE_LOOP('',(#170,#171,#172,#173,#174,#175));
#1548=EDGE_LOOP('',(#176));
#1549=EDGE_LOOP('',(#177,#178,#179,#180));
#1550=EDGE_LOOP('',(#181,#182,#183,#184));
#1551=EDGE_LOOP('',(#185,#186,#187,#188));
#1552=EDGE_LOOP('',(#189,#190,#191,#192));
#1553=EDGE_LOOP('',(#193,#194,#195,#196,#197));
#1554=EDGE_LOOP('',(#198,#199,#200,#201));
#1555=EDGE_LOOP('',(#202,#203,#204,#205,#206));
#1556=EDGE_LOOP('',(#207,#208,#209,#210));
#1557=EDGE_LOOP('',(#211,#212,#213,#214));
#1558=EDGE_LOOP('',(#215,#216,#217,#218));
#1559=EDGE_LOOP('',(#219,#220,#221,#222));
#1560=EDGE_LOOP('',(#223,#224,#225,#226));
#1561=EDGE_LOOP('',(#227,#228,#229,#230,#231,#232,#233,#234,#235,#236,#237,
#238,#239,#240,#241,#242));
#1562=EDGE_LOOP('',(#243));
#1563=EDGE_LOOP('',(#244));
#1564=EDGE_LOOP('',(#245,#246,#247,#248,#249,#250));
#1565=EDGE_LOOP('',(#251,#252,#253,#254));
#1566=EDGE_LOOP('',(#255,#256,#257,#258));
#1567=EDGE_LOOP('',(#259));
#1568=EDGE_LOOP('',(#260));
#1569=EDGE_LOOP('',(#261));
#1570=EDGE_LOOP('',(#262));
#1571=EDGE_LOOP('',(#263,#264,#265,#266));
#1572=EDGE_LOOP('',(#267,#268,#269,#270,#271,#272,#273,#274,#275));
#1573=EDGE_LOOP('',(#276));
#1574=EDGE_LOOP('',(#277,#278,#279,#280,#281,#282,#283,#284,#285,#286,#287,
#288,#289,#290,#291,#292));
#1575=EDGE_LOOP('',(#293,#294,#295,#296));
#1576=EDGE_LOOP('',(#297,#298,#299,#300));
#1577=EDGE_LOOP('',(#301,#302,#303,#304,#305));
#1578=EDGE_LOOP('',(#306));
#1579=EDGE_LOOP('',(#307));
#1580=EDGE_LOOP('',(#308,#309,#310,#311,#312));
#1581=EDGE_LOOP('',(#313,#314,#315,#316));
#1582=EDGE_LOOP('',(#317,#318,#319,#320,#321,#322,#323,#324));
#1583=EDGE_LOOP('',(#325));
#1584=EDGE_LOOP('',(#326));
#1585=EDGE_LOOP('',(#327,#328,#329,#330));
#1586=EDGE_LOOP('',(#331,#332,#333,#334));
#1587=EDGE_LOOP('',(#335,#336,#337,#338));
#1588=EDGE_LOOP('',(#339,#340,#341,#342,#343,#344,#345,#346));
#1589=EDGE_LOOP('',(#347,#348,#349,#350));
#1590=EDGE_LOOP('',(#351,#352,#353,#354));
#1591=EDGE_LOOP('',(#355,#356,#357,#358));
#1592=EDGE_LOOP('',(#359,#360,#361,#362));
#1593=EDGE_LOOP('',(#363,#364,#365,#366));
#1594=EDGE_LOOP('',(#367,#368,#369,#370));
#1595=EDGE_LOOP('',(#371,#372,#373,#374));
#1596=EDGE_LOOP('',(#375,#376,#377,#378));
#1597=EDGE_LOOP('',(#379,#380,#381,#382,#383));
#1598=EDGE_LOOP('',(#384,#385,#386,#387,#388,#389,#390,#391,#392,#393,#394,
#395,#396,#397,#398,#399,#400,#401,#402,#403));
#1599=EDGE_LOOP('',(#404,#405,#406,#407,#408,#409,#410,#411));
#1600=EDGE_LOOP('',(#412,#413,#414,#415,#416,#417,#418,#419));
#1601=EDGE_LOOP('',(#420,#421,#422,#423));
#1602=EDGE_LOOP('',(#424,#425,#426,#427));
#1603=EDGE_LOOP('',(#428,#429,#430,#431));
#1604=EDGE_LOOP('',(#432,#433,#434,#435));
#1605=EDGE_LOOP('',(#436,#437,#438,#439,#440,#441,#442,#443));
#1606=EDGE_LOOP('',(#444,#445,#446,#447,#448,#449,#450,#451,#452,#453,#454,
#455,#456,#457,#458,#459,#460,#461,#462));
#1607=EDGE_LOOP('',(#463));
#1608=EDGE_LOOP('',(#464,#465,#466,#467,#468));
#1609=EDGE_LOOP('',(#469,#470,#471,#472,#473));
#1610=EDGE_LOOP('',(#474));
#1611=EDGE_LOOP('',(#475));
#1612=EDGE_LOOP('',(#476,#477,#478,#479));
#1613=EDGE_LOOP('',(#480));
#1614=EDGE_LOOP('',(#481));
#1615=EDGE_LOOP('',(#482,#483,#484,#485));
#1616=EDGE_LOOP('',(#486,#487,#488,#489,#490,#491));
#1617=EDGE_LOOP('',(#492,#493,#494,#495,#496));
#1618=EDGE_LOOP('',(#497,#498,#499,#500));
#1619=EDGE_LOOP('',(#501,#502,#503,#504));
#1620=EDGE_LOOP('',(#505,#506,#507,#508,#509));
#1621=EDGE_LOOP('',(#510));
#1622=EDGE_LOOP('',(#511));
#1623=EDGE_LOOP('',(#512));
#1624=EDGE_LOOP('',(#513));
#1625=EDGE_LOOP('',(#514,#515,#516,#517));
#1626=EDGE_LOOP('',(#518,#519,#520,#521));
#1627=EDGE_LOOP('',(#522));
#1628=EDGE_LOOP('',(#523,#524,#525,#526,#527,#528,#529,#530));
#1629=EDGE_LOOP('',(#531,#532,#533,#534));
#1630=EDGE_LOOP('',(#535,#536,#537,#538));
#1631=EDGE_LOOP('',(#539,#540,#541,#542));
#1632=EDGE_LOOP('',(#543));
#1633=EDGE_LOOP('',(#544));
#1634=EDGE_LOOP('',(#545,#546,#547,#548,#549,#550));
#1635=EDGE_LOOP('',(#551,#552,#553,#554,#555,#556));
#1636=EDGE_LOOP('',(#557,#558,#559,#560));
#1637=EDGE_LOOP('',(#561,#562,#563,#564));
#1638=EDGE_LOOP('',(#565,#566,#567,#568));
#1639=EDGE_LOOP('',(#569,#570,#571,#572));
#1640=EDGE_LOOP('',(#573,#574,#575,#576));
#1641=EDGE_LOOP('',(#577,#578,#579,#580));
#1642=EDGE_LOOP('',(#581,#582,#583,#584));
#1643=EDGE_LOOP('',(#585,#586,#587));
#1644=EDGE_LOOP('',(#588,#589,#590,#591));
#1645=EDGE_LOOP('',(#592,#593,#594,#595));
#1646=EDGE_LOOP('',(#596,#597,#598));
#1647=EDGE_LOOP('',(#599,#600,#601,#602));
#1648=EDGE_LOOP('',(#603,#604,#605,#606));
#1649=EDGE_LOOP('',(#607,#608,#609,#610));
#1650=EDGE_LOOP('',(#611,#612,#613,#614));
#1651=EDGE_LOOP('',(#615,#616,#617,#618));
#1652=EDGE_LOOP('',(#619,#620,#621,#622));
#1653=EDGE_LOOP('',(#623,#624,#625));
#1654=EDGE_LOOP('',(#626,#627,#628));
#1655=EDGE_LOOP('',(#629,#630,#631,#632,#633,#634));
#1656=EDGE_LOOP('',(#635,#636,#637,#638));
#1657=EDGE_LOOP('',(#639,#640,#641,#642));
#1658=EDGE_LOOP('',(#643,#644,#645,#646));
#1659=EDGE_LOOP('',(#647,#648,#649,#650,#651));
#1660=FACE_BOUND('',#1535,.T.);
#1661=FACE_BOUND('',#1536,.T.);
#1662=FACE_BOUND('',#1537,.T.);
#1663=FACE_BOUND('',#1538,.T.);
#1664=FACE_BOUND('',#1539,.T.);
#1665=FACE_BOUND('',#1540,.T.);
#1666=FACE_BOUND('',#1541,.T.);
#1667=FACE_BOUND('',#1542,.T.);
#1668=FACE_BOUND('',#1543,.T.);
#1669=FACE_BOUND('',#1544,.T.);
#1670=FACE_BOUND('',#1545,.T.);
#1671=FACE_BOUND('',#1546,.T.);
#1672=FACE_BOUND('',#1547,.T.);
#1673=FACE_BOUND('',#1548,.T.);
#1674=FACE_BOUND('',#1549,.T.);
#1675=FACE_BOUND('',#1550,.T.);
#1676=FACE_BOUND('',#1551,.T.);
#1677=FACE_BOUND('',#1552,.T.);
#1678=FACE_BOUND('',#1553,.T.);
#1679=FACE_BOUND('',#1554,.T.);
#1680=FACE_BOUND('',#1555,.T.);
#1681=FACE_BOUND('',#1556,.T.);
#1682=FACE_BOUND('',#1557,.T.);
#1683=FACE_BOUND('',#1558,.T.);
#1684=FACE_BOUND('',#1559,.T.);
#1685=FACE_BOUND('',#1560,.T.);
#1686=FACE_BOUND('',#1561,.T.);
#1687=FACE_BOUND('',#1562,.T.);
#1688=FACE_BOUND('',#1563,.T.);
#1689=FACE_BOUND('',#1564,.T.);
#1690=FACE_BOUND('',#1565,.T.);
#1691=FACE_BOUND('',#1566,.T.);
#1692=FACE_BOUND('',#1567,.T.);
#1693=FACE_BOUND('',#1568,.T.);
#1694=FACE_BOUND('',#1569,.T.);
#1695=FACE_BOUND('',#1570,.T.);
#1696=FACE_BOUND('',#1571,.T.);
#1697=FACE_BOUND('',#1572,.T.);
#1698=FACE_BOUND('',#1573,.T.);
#1699=FACE_BOUND('',#1574,.T.);
#1700=FACE_BOUND('',#1575,.T.);
#1701=FACE_BOUND('',#1576,.T.);
#1702=FACE_BOUND('',#1577,.T.);
#1703=FACE_BOUND('',#1578,.T.);
#1704=FACE_BOUND('',#1579,.T.);
#1705=FACE_BOUND('',#1580,.T.);
#1706=FACE_BOUND('',#1581,.T.);
#1707=FACE_BOUND('',#1582,.T.);
#1708=FACE_BOUND('',#1583,.T.);
#1709=FACE_BOUND('',#1584,.T.);
#1710=FACE_BOUND('',#1585,.T.);
#1711=FACE_BOUND('',#1586,.T.);
#1712=FACE_BOUND('',#1587,.T.);
#1713=FACE_BOUND('',#1588,.T.);
#1714=FACE_BOUND('',#1589,.T.);
#1715=FACE_BOUND('',#1590,.T.);
#1716=FACE_BOUND('',#1591,.T.);
#1717=FACE_BOUND('',#1592,.T.);
#1718=FACE_BOUND('',#1593,.T.);
#1719=FACE_BOUND('',#1594,.T.);
#1720=FACE_BOUND('',#1595,.T.);
#1721=FACE_BOUND('',#1596,.T.);
#1722=FACE_BOUND('',#1597,.T.);
#1723=FACE_BOUND('',#1598,.T.);
#1724=FACE_BOUND('',#1599,.T.);
#1725=FACE_BOUND('',#1600,.T.);
#1726=FACE_BOUND('',#1601,.T.);
#1727=FACE_BOUND('',#1602,.T.);
#1728=FACE_BOUND('',#1603,.T.);
#1729=FACE_BOUND('',#1604,.T.);
#1730=FACE_BOUND('',#1605,.T.);
#1731=FACE_BOUND('',#1606,.T.);
#1732=FACE_BOUND('',#1607,.T.);
#1733=FACE_BOUND('',#1608,.T.);
#1734=FACE_BOUND('',#1609,.T.);
#1735=FACE_BOUND('',#1610,.T.);
#1736=FACE_BOUND('',#1611,.T.);
#1737=FACE_BOUND('',#1612,.T.);
#1738=FACE_BOUND('',#1613,.T.);
#1739=FACE_BOUND('',#1614,.T.);
#1740=FACE_BOUND('',#1615,.T.);
#1741=FACE_BOUND('',#1616,.T.);
#1742=FACE_BOUND('',#1617,.T.);
#1743=FACE_BOUND('',#1618,.T.);
#1744=FACE_BOUND('',#1619,.T.);
#1745=FACE_BOUND('',#1620,.T.);
#1746=FACE_BOUND('',#1621,.T.);
#1747=FACE_BOUND('',#1622,.T.);
#1748=FACE_BOUND('',#1623,.T.);
#1749=FACE_BOUND('',#1624,.T.);
#1750=FACE_BOUND('',#1625,.T.);
#1751=FACE_BOUND('',#1626,.T.);
#1752=FACE_BOUND('',#1627,.T.);
#1753=FACE_BOUND('',#1628,.T.);
#1754=FACE_BOUND('',#1629,.T.);
#1755=FACE_BOUND('',#1630,.T.);
#1756=FACE_BOUND('',#1631,.T.);
#1757=FACE_BOUND('',#1632,.T.);
#1758=FACE_BOUND('',#1633,.T.);
#1759=FACE_BOUND('',#1634,.T.);
#1760=FACE_BOUND('',#1635,.T.);
#1761=FACE_BOUND('',#1636,.T.);
#1762=FACE_BOUND('',#1637,.T.);
#1763=FACE_BOUND('',#1638,.T.);
#1764=FACE_BOUND('',#1639,.T.);
#1765=FACE_BOUND('',#1640,.T.);
#1766=FACE_BOUND('',#1641,.T.);
#1767=FACE_BOUND('',#1642,.T.);
#1768=FACE_BOUND('',#1643,.T.);
#1769=FACE_BOUND('',#1644,.T.);
#1770=FACE_BOUND('',#1645,.T.);
#1771=FACE_BOUND('',#1646,.T.);
#1772=FACE_BOUND('',#1647,.T.);
#1773=FACE_BOUND('',#1648,.T.);
#1774=FACE_BOUND('',#1649,.T.);
#1775=FACE_BOUND('',#1650,.T.);
#1776=FACE_BOUND('',#1651,.T.);
#1777=FACE_BOUND('',#1652,.T.);
#1778=FACE_BOUND('',#1653,.T.);
#1779=FACE_BOUND('',#1654,.T.);
#1780=FACE_BOUND('',#1655,.T.);
#1781=FACE_BOUND('',#1656,.T.);
#1782=FACE_BOUND('',#1657,.T.);
#1783=FACE_BOUND('',#1658,.T.);
#1784=FACE_BOUND('',#1659,.T.);
#1785=PLANE('',#1985);
#1786=PLANE('',#1993);
#1787=PLANE('',#1994);
#1788=PLANE('',#1995);
#1789=PLANE('',#1996);
#1790=PLANE('',#1997);
#1791=PLANE('',#2002);
#1792=PLANE('',#2003);
#1793=PLANE('',#2005);
#1794=PLANE('',#2006);
#1795=PLANE('',#2007);
#1796=PLANE('',#2008);
#1797=PLANE('',#2009);
#1798=PLANE('',#2010);
#1799=PLANE('',#2011);
#1800=PLANE('',#2023);
#1801=PLANE('',#2030);
#1802=PLANE('',#2039);
#1803=PLANE('',#2041);
#1804=PLANE('',#2043);
#1805=PLANE('',#2044);
#1806=PLANE('',#2045);
#1807=PLANE('',#2047);
#1808=PLANE('',#2048);
#1809=PLANE('',#2049);
#1810=PLANE('',#2050);
#1811=PLANE('',#2051);
#1812=PLANE('',#2052);
#1813=PLANE('',#2053);
#1814=PLANE('',#2054);
#1815=PLANE('',#2055);
#1816=PLANE('',#2056);
#1817=PLANE('',#2057);
#1818=PLANE('',#2058);
#1819=PLANE('',#2059);
#1820=PLANE('',#2060);
#1821=PLANE('',#2061);
#1822=PLANE('',#2064);
#1823=PLANE('',#2065);
#1824=PLANE('',#2066);
#1825=PLANE('',#2070);
#1826=PLANE('',#2071);
#1827=PLANE('',#2072);
#1828=PLANE('',#2073);
#1829=PLANE('',#2074);
#1830=PLANE('',#2078);
#1831=PLANE('',#2080);
#1832=PLANE('',#2084);
#1833=PLANE('',#2085);
#1834=PLANE('',#2090);
#1835=PLANE('',#2093);
#1836=PLANE('',#2094);
#1837=PLANE('',#2098);
#1838=PLANE('',#2099);
#1839=PLANE('',#2100);
#1840=PLANE('',#2102);
#1841=PLANE('',#2103);
#1842=PLANE('',#2104);
#1843=PLANE('',#2106);
#1844=PLANE('',#2109);
#1845=PLANE('',#2137);
#1846=PLANE('',#2138);
#1847=PLANE('',#2139);
#1848=PLANE('',#2140);
#1849=PLANE('',#2141);
#1850=PLANE('',#2142);
#1851=PLANE('',#2143);
#1852=PLANE('',#2144);
#1853=PLANE('',#2145);
#1854=PLANE('',#2146);
#1855=ADVANCED_FACE('',(#1660),#1785,.T.);
#1856=ADVANCED_FACE('',(#1661),#74,.T.);
#1857=ADVANCED_FACE('',(#1662),#75,.T.);
#1858=ADVANCED_FACE('',(#1663),#76,.T.);
#1859=ADVANCED_FACE('',(#1664),#1786,.F.);
#1860=ADVANCED_FACE('',(#1665),#1787,.F.);
#1861=ADVANCED_FACE('',(#1666),#1788,.F.);
#1862=ADVANCED_FACE('',(#1667),#1789,.T.);
#1863=ADVANCED_FACE('',(#1668),#1790,.T.);
#1864=ADVANCED_FACE('',(#1669),#77,.T.);
#1865=ADVANCED_FACE('',(#1670),#78,.T.);
#1866=ADVANCED_FACE('',(#1671),#1791,.F.);
#1867=ADVANCED_FACE('',(#1672,#1673),#1792,.F.);
#1868=ADVANCED_FACE('',(#1674),#1793,.T.);
#1869=ADVANCED_FACE('',(#1675),#1794,.F.);
#1870=ADVANCED_FACE('',(#1676),#1795,.F.);
#1871=ADVANCED_FACE('',(#1677),#1796,.T.);
#1872=ADVANCED_FACE('',(#1678),#1797,.F.);
#1873=ADVANCED_FACE('',(#1679),#1798,.F.);
#1874=ADVANCED_FACE('',(#1680),#1799,.T.);
#1875=ADVANCED_FACE('',(#1681),#79,.T.);
#1876=ADVANCED_FACE('',(#1682),#80,.T.);
#1877=ADVANCED_FACE('',(#1683),#81,.T.);
#1878=ADVANCED_FACE('',(#1684),#82,.T.);
#1879=ADVANCED_FACE('',(#1685),#83,.T.);
#1880=ADVANCED_FACE('',(#1686),#1800,.F.);
#1881=ADVANCED_FACE('',(#1687,#1688),#84,.F.);
#1882=ADVANCED_FACE('',(#1689),#85,.T.);
#1883=ADVANCED_FACE('',(#1690,#1691),#1801,.F.);
#1884=ADVANCED_FACE('',(#1692,#1693),#86,.F.);
#1885=ADVANCED_FACE('',(#1694,#1695),#87,.F.);
#1886=ADVANCED_FACE('',(#1696),#16,.T.);
#1887=ADVANCED_FACE('',(#1697),#1802,.T.);
#1888=ADVANCED_FACE('',(#1698,#1699),#1803,.T.);
#1889=ADVANCED_FACE('',(#1700),#1804,.T.);
#1890=ADVANCED_FACE('',(#1701),#1805,.F.);
#1891=ADVANCED_FACE('',(#1702),#1806,.T.);
#1892=ADVANCED_FACE('',(#1703,#1704,#1705),#1807,.T.);
#1893=ADVANCED_FACE('',(#1706),#1808,.F.);
#1894=ADVANCED_FACE('',(#1707),#1809,.F.);
#1895=ADVANCED_FACE('',(#1708,#1709,#1710),#1810,.F.);
#1896=ADVANCED_FACE('',(#1711),#1811,.T.);
#1897=ADVANCED_FACE('',(#1712),#1812,.T.);
#1898=ADVANCED_FACE('',(#1713),#1813,.F.);
#1899=ADVANCED_FACE('',(#1714),#1814,.T.);
#1900=ADVANCED_FACE('',(#1715),#1815,.F.);
#1901=ADVANCED_FACE('',(#1716),#1816,.F.);
#1902=ADVANCED_FACE('',(#1717),#1817,.T.);
#1903=ADVANCED_FACE('',(#1718),#1818,.T.);
#1904=ADVANCED_FACE('',(#1719),#1819,.T.);
#1905=ADVANCED_FACE('',(#1720),#1820,.F.);
#1906=ADVANCED_FACE('',(#1721),#1821,.T.);
#1907=ADVANCED_FACE('',(#1722),#88,.T.);
#1908=ADVANCED_FACE('',(#1723),#1822,.F.);
#1909=ADVANCED_FACE('',(#1724),#1823,.F.);
#1910=ADVANCED_FACE('',(#1725),#1824,.F.);
#1911=ADVANCED_FACE('',(#1726),#89,.T.);
#1912=ADVANCED_FACE('',(#1727),#1825,.T.);
#1913=ADVANCED_FACE('',(#1728),#1826,.T.);
#1914=ADVANCED_FACE('',(#1729),#1827,.T.);
#1915=ADVANCED_FACE('',(#1730),#1828,.F.);
#1916=ADVANCED_FACE('',(#1731,#1732),#1829,.T.);
#1917=ADVANCED_FACE('',(#1733),#1830,.F.);
#1918=ADVANCED_FACE('',(#1734,#1735,#1736),#1831,.T.);
#1919=ADVANCED_FACE('',(#1737),#1832,.F.);
#1920=ADVANCED_FACE('',(#1738,#1739,#1740),#1833,.F.);
#1921=ADVANCED_FACE('',(#1741),#90,.T.);
#1922=ADVANCED_FACE('',(#1742),#1834,.T.);
#1923=ADVANCED_FACE('',(#1743),#17,.T.);
#1924=ADVANCED_FACE('',(#1744),#1835,.T.);
#1925=ADVANCED_FACE('',(#1745),#1836,.T.);
#1926=ADVANCED_FACE('',(#1746,#1747),#91,.F.);
#1927=ADVANCED_FACE('',(#1748,#1749),#92,.F.);
#1928=ADVANCED_FACE('',(#1750),#1837,.F.);
#1929=ADVANCED_FACE('',(#1751),#1838,.T.);
#1930=ADVANCED_FACE('',(#1752,#1753),#1839,.F.);
#1931=ADVANCED_FACE('',(#1754),#1840,.T.);
#1932=ADVANCED_FACE('',(#1755),#1841,.T.);
#1933=ADVANCED_FACE('',(#1756),#1842,.T.);
#1934=ADVANCED_FACE('',(#1757,#1758),#93,.F.);
#1935=ADVANCED_FACE('',(#1759),#1843,.F.);
#1936=ADVANCED_FACE('',(#1760),#1844,.T.);
#1937=ADVANCED_FACE('',(#1761),#94,.T.);
#1938=ADVANCED_FACE('',(#1762),#95,.T.);
#1939=ADVANCED_FACE('',(#1763),#96,.T.);
#1940=ADVANCED_FACE('',(#1764),#97,.T.);
#1941=ADVANCED_FACE('',(#1765),#98,.T.);
#1942=ADVANCED_FACE('',(#1766),#99,.T.);
#1943=ADVANCED_FACE('',(#1767),#100,.T.);
#1944=ADVANCED_FACE('',(#1768),#10,.T.);
#1945=ADVANCED_FACE('',(#1769),#101,.T.);
#1946=ADVANCED_FACE('',(#1770),#102,.T.);
#1947=ADVANCED_FACE('',(#1771),#11,.T.);
#1948=ADVANCED_FACE('',(#1772),#103,.T.);
#1949=ADVANCED_FACE('',(#1773),#104,.T.);
#1950=ADVANCED_FACE('',(#1774),#1845,.T.);
#1951=ADVANCED_FACE('',(#1775),#1846,.T.);
#1952=ADVANCED_FACE('',(#1776),#1847,.T.);
#1953=ADVANCED_FACE('',(#1777),#1848,.F.);
#1954=ADVANCED_FACE('',(#1778),#1849,.T.);
#1955=ADVANCED_FACE('',(#1779),#1850,.F.);
#1956=ADVANCED_FACE('',(#1780),#1851,.T.);
#1957=ADVANCED_FACE('',(#1781),#1852,.T.);
#1958=ADVANCED_FACE('',(#1782),#1853,.F.);
#1959=ADVANCED_FACE('',(#1783),#1854,.F.);
#1960=ADVANCED_FACE('',(#1784),#105,.T.);
#1961=CLOSED_SHELL('',(#1855,#1856,#1857,#1858,#1859,#1860,#1861,#1862,
#1863,#1864,#1865,#1866,#1867,#1868,#1869,#1870,#1871,#1872,#1873,#1874,
#1875,#1876,#1877,#1878,#1879,#1880,#1881,#1882,#1883,#1884,#1885,#1886,
#1887,#1888,#1889,#1890,#1891,#1892,#1893,#1894,#1895,#1896,#1897,#1898,
#1899,#1900,#1901,#1902,#1903,#1904,#1905,#1906,#1907));
#1962=CLOSED_SHELL('',(#1908,#1909,#1910,#1911,#1912,#1913,#1914,#1915,
#1916,#1917,#1918,#1919,#1920,#1921,#1922,#1923,#1924,#1925,#1926,#1927,
#1928,#1929,#1930,#1931,#1932,#1933,#1934,#1935,#1936,#1937,#1938,#1939,
#1940,#1941,#1942,#1943,#1944,#1945,#1946,#1947,#1948,#1949,#1950,#1951,
#1952,#1953,#1954,#1955,#1956,#1957,#1958,#1959,#1960));
#1963=STYLED_ITEM('',(#1965),#1978);
#1964=STYLED_ITEM('',(#1966),#1979);
#1965=PRESENTATION_STYLE_ASSIGNMENT((#1967));
#1966=PRESENTATION_STYLE_ASSIGNMENT((#1968));
#1967=SURFACE_STYLE_USAGE(.BOTH.,#1969);
#1968=SURFACE_STYLE_USAGE(.BOTH.,#1970);
#1969=SURFACE_SIDE_STYLE('',(#1971));
#1970=SURFACE_SIDE_STYLE('',(#1972));
#1971=SURFACE_STYLE_FILL_AREA(#1973);
#1972=SURFACE_STYLE_FILL_AREA(#1974);
#1973=FILL_AREA_STYLE('',(#1975));
#1974=FILL_AREA_STYLE('',(#1976));
#1975=FILL_AREA_STYLE_COLOUR('',#1977);
#1976=FILL_AREA_STYLE_COLOUR('',#1977);
#1977=COLOUR_RGB('',0.270588235294118,0.27843137254902,0.352941176470589);
#1978=MANIFOLD_SOLID_BREP('Case2',#1961);
#1979=MANIFOLD_SOLID_BREP('Case1',#1962);
#1980=SHAPE_DEFINITION_REPRESENTATION(#3262,#1982);
#1981=SHAPE_DEFINITION_REPRESENTATION(#3263,#1983);
#1982=SHAPE_REPRESENTATION('Case2',(#1984),#3252);
#1983=SHAPE_REPRESENTATION('Case1',(#2063),#3253);
#1984=AXIS2_PLACEMENT_3D('',#2693,#2148,#2149);
#1985=AXIS2_PLACEMENT_3D('',#2694,#2150,#2151);
#1986=AXIS2_PLACEMENT_3D('',#2735,#2172,#2173);
#1987=AXIS2_PLACEMENT_3D('',#2736,#2174,#2175);
#1988=AXIS2_PLACEMENT_3D('',#2741,#2177,#2178);
#1989=AXIS2_PLACEMENT_3D('',#2744,#2180,#2181);
#1990=AXIS2_PLACEMENT_3D('',#2747,#2183,#2184);
#1991=AXIS2_PLACEMENT_3D('',#2750,#2186,#2187);
#1992=AXIS2_PLACEMENT_3D('',#2753,#2189,#2190);
#1993=AXIS2_PLACEMENT_3D('',#2756,#2192,#2193);
#1994=AXIS2_PLACEMENT_3D('',#2762,#2197,#2198);
#1995=AXIS2_PLACEMENT_3D('',#2766,#2201,#2202);
#1996=AXIS2_PLACEMENT_3D('',#2770,#2205,#2206);
#1997=AXIS2_PLACEMENT_3D('',#2779,#2211,#2212);
#1998=AXIS2_PLACEMENT_3D('',#2785,#2216,#2217);
#1999=AXIS2_PLACEMENT_3D('',#2786,#2218,#2219);
#2000=AXIS2_PLACEMENT_3D('',#2789,#2221,#2222);
#2001=AXIS2_PLACEMENT_3D('',#2790,#2223,#2224);
#2002=AXIS2_PLACEMENT_3D('',#2795,#2227,#2228);
#2003=AXIS2_PLACEMENT_3D('',#2799,#2231,#2232);
#2004=AXIS2_PLACEMENT_3D('',#2801,#2234,#2235);
#2005=AXIS2_PLACEMENT_3D('',#2803,#2236,#2237);
#2006=AXIS2_PLACEMENT_3D('',#2811,#2242,#2243);
#2007=AXIS2_PLACEMENT_3D('',#2817,#2247,#2248);
#2008=AXIS2_PLACEMENT_3D('',#2822,#2252,#2253);
#2009=AXIS2_PLACEMENT_3D('',#2824,#2255,#2256);
#2010=AXIS2_PLACEMENT_3D('',#2830,#2260,#2261);
#2011=AXIS2_PLACEMENT_3D('',#2834,#2264,#2265);
#2012=AXIS2_PLACEMENT_3D('',#2838,#2268,#2269);
#2013=AXIS2_PLACEMENT_3D('',#2839,#2270,#2271);
#2014=AXIS2_PLACEMENT_3D('',#2843,#2273,#2274);
#2015=AXIS2_PLACEMENT_3D('',#2844,#2275,#2276);
#2016=AXIS2_PLACEMENT_3D('',#2845,#2277,#2278);
#2017=AXIS2_PLACEMENT_3D('',#2848,#2280,#2281);
#2018=AXIS2_PLACEMENT_3D('',#2849,#2282,#2283);
#2019=AXIS2_PLACEMENT_3D('',#2852,#2285,#2286);
#2020=AXIS2_PLACEMENT_3D('',#2853,#2287,#2288);
#2021=AXIS2_PLACEMENT_3D('',#2856,#2290,#2291);
#2022=AXIS2_PLACEMENT_3D('',#2857,#2292,#2293);
#2023=AXIS2_PLACEMENT_3D('',#2860,#2295,#2296);
#2024=AXIS2_PLACEMENT_3D('',#2871,#2303,#2304);
#2025=AXIS2_PLACEMENT_3D('',#2872,#2305,#2306);
#2026=AXIS2_PLACEMENT_3D('',#2874,#2307,#2308);
#2027=AXIS2_PLACEMENT_3D('',#2875,#2309,#2310);
#2028=AXIS2_PLACEMENT_3D('',#2879,#2312,#2313);
#2029=AXIS2_PLACEMENT_3D('',#2883,#2315,#2316);
#2030=AXIS2_PLACEMENT_3D('',#2884,#2317,#2318);
#2031=AXIS2_PLACEMENT_3D('',#2893,#2323,#2324);
#2032=AXIS2_PLACEMENT_3D('',#2894,#2325,#2326);
#2033=AXIS2_PLACEMENT_3D('',#2896,#2327,#2328);
#2034=AXIS2_PLACEMENT_3D('',#2898,#2329,#2330);
#2035=AXIS2_PLACEMENT_3D('',#2899,#2331,#2332);
#2036=AXIS2_PLACEMENT_3D('',#2901,#2333,#2334);
#2037=AXIS2_PLACEMENT_3D('',#2903,#2335,#2336);
#2038=AXIS2_PLACEMENT_3D('',#2908,#2339,#2340);
#2039=AXIS2_PLACEMENT_3D('',#2909,#2341,#2342);
#2040=AXIS2_PLACEMENT_3D('',#2910,#2343,#2344);
#2041=AXIS2_PLACEMENT_3D('',#2915,#2347,#2348);
#2042=AXIS2_PLACEMENT_3D('',#2918,#2350,#2351);
#2043=AXIS2_PLACEMENT_3D('',#2922,#2355,#2356);
#2044=AXIS2_PLACEMENT_3D('',#2925,#2359,#2360);
#2045=AXIS2_PLACEMENT_3D('',#2927,#2362,#2363);
#2046=AXIS2_PLACEMENT_3D('',#2928,#2364,#2365);
#2047=AXIS2_PLACEMENT_3D('',#2932,#2368,#2369);
#2048=AXIS2_PLACEMENT_3D('',#2933,#2370,#2371);
#2049=AXIS2_PLACEMENT_3D('',#2935,#2373,#2374);
#2050=AXIS2_PLACEMENT_3D('',#2942,#2379,#2380);
#2051=AXIS2_PLACEMENT_3D('',#2945,#2383,#2384);
#2052=AXIS2_PLACEMENT_3D('',#2946,#2385,#2386);
#2053=AXIS2_PLACEMENT_3D('',#2947,#2387,#2388);
#2054=AXIS2_PLACEMENT_3D('',#2953,#2392,#2393);
#2055=AXIS2_PLACEMENT_3D('',#2957,#2396,#2397);
#2056=AXIS2_PLACEMENT_3D('',#2961,#2400,#2401);
#2057=AXIS2_PLACEMENT_3D('',#2963,#2403,#2404);
#2058=AXIS2_PLACEMENT_3D('',#2964,#2405,#2406);
#2059=AXIS2_PLACEMENT_3D('',#2968,#2409,#2410);
#2060=AXIS2_PLACEMENT_3D('',#2972,#2413,#2414);
#2061=AXIS2_PLACEMENT_3D('',#2974,#2416,#2417);
#2062=AXIS2_PLACEMENT_3D('',#2975,#2418,#2419);
#2063=AXIS2_PLACEMENT_3D('',#2976,#2420,#2421);
#2064=AXIS2_PLACEMENT_3D('',#2977,#2422,#2423);
#2065=AXIS2_PLACEMENT_3D('',#3018,#2444,#2445);
#2066=AXIS2_PLACEMENT_3D('',#3035,#2454,#2455);
#2067=AXIS2_PLACEMENT_3D('',#3046,#2462,#2463);
#2068=AXIS2_PLACEMENT_3D('',#3047,#2464,#2465);
#2069=AXIS2_PLACEMENT_3D('',#3051,#2467,#2468);
#2070=AXIS2_PLACEMENT_3D('',#3052,#2469,#2470);
#2071=AXIS2_PLACEMENT_3D('',#3061,#2475,#2476);
#2072=AXIS2_PLACEMENT_3D('',#3064,#2479,#2480);
#2073=AXIS2_PLACEMENT_3D('',#3067,#2483,#2484);
#2074=AXIS2_PLACEMENT_3D('',#3078,#2491,#2492);
#2075=AXIS2_PLACEMENT_3D('',#3079,#2493,#2494);
#2076=AXIS2_PLACEMENT_3D('',#3080,#2495,#2496);
#2077=AXIS2_PLACEMENT_3D('',#3094,#2504,#2505);
#2078=AXIS2_PLACEMENT_3D('',#3096,#2506,#2507);
#2079=AXIS2_PLACEMENT_3D('',#3099,#2509,#2510);
#2080=AXIS2_PLACEMENT_3D('',#3100,#2511,#2512);
#2081=AXIS2_PLACEMENT_3D('',#3105,#2515,#2516);
#2082=AXIS2_PLACEMENT_3D('',#3108,#2518,#2519);
#2083=AXIS2_PLACEMENT_3D('',#3110,#2520,#2521);
#2084=AXIS2_PLACEMENT_3D('',#3112,#2522,#2523);
#2085=AXIS2_PLACEMENT_3D('',#3116,#2526,#2527);
#2086=AXIS2_PLACEMENT_3D('',#3117,#2528,#2529);
#2087=AXIS2_PLACEMENT_3D('',#3119,#2530,#2531);
#2088=AXIS2_PLACEMENT_3D('',#3121,#2532,#2533);
#2089=AXIS2_PLACEMENT_3D('',#3122,#2534,#2535);
#2090=AXIS2_PLACEMENT_3D('',#3123,#2536,#2537);
#2091=AXIS2_PLACEMENT_3D('',#3126,#2539,#2540);
#2092=AXIS2_PLACEMENT_3D('',#3128,#2542,#2543);
#2093=AXIS2_PLACEMENT_3D('',#3130,#2545,#2546);
#2094=AXIS2_PLACEMENT_3D('',#3131,#2547,#2548);
#2095=AXIS2_PLACEMENT_3D('',#3132,#2549,#2550);
#2096=AXIS2_PLACEMENT_3D('',#3133,#2551,#2552);
#2097=AXIS2_PLACEMENT_3D('',#3134,#2553,#2554);
#2098=AXIS2_PLACEMENT_3D('',#3135,#2555,#2556);
#2099=AXIS2_PLACEMENT_3D('',#3144,#2561,#2562);
#2100=AXIS2_PLACEMENT_3D('',#3153,#2567,#2568);
#2101=AXIS2_PLACEMENT_3D('',#3154,#2569,#2570);
#2102=AXIS2_PLACEMENT_3D('',#3169,#2578,#2579);
#2103=AXIS2_PLACEMENT_3D('',#3175,#2583,#2584);
#2104=AXIS2_PLACEMENT_3D('',#3181,#2588,#2589);
#2105=AXIS2_PLACEMENT_3D('',#3187,#2593,#2594);
#2106=AXIS2_PLACEMENT_3D('',#3188,#2595,#2596);
#2107=AXIS2_PLACEMENT_3D('',#3189,#2597,#2598);
#2108=AXIS2_PLACEMENT_3D('',#3190,#2599,#2600);
#2109=AXIS2_PLACEMENT_3D('',#3191,#2601,#2602);
#2110=AXIS2_PLACEMENT_3D('',#3192,#2603,#2604);
#2111=AXIS2_PLACEMENT_3D('',#3193,#2605,#2606);
#2112=AXIS2_PLACEMENT_3D('',#3194,#2607,#2608);
#2113=AXIS2_PLACEMENT_3D('',#3195,#2609,#2610);
#2114=AXIS2_PLACEMENT_3D('',#3196,#2611,#2612);
#2115=AXIS2_PLACEMENT_3D('',#3197,#2613,#2614);
#2116=AXIS2_PLACEMENT_3D('',#3198,#2615,#2616);
#2117=AXIS2_PLACEMENT_3D('',#3199,#2617,#2618);
#2118=AXIS2_PLACEMENT_3D('',#3200,#2619,#2620);
#2119=AXIS2_PLACEMENT_3D('',#3201,#2621,#2622);
#2120=AXIS2_PLACEMENT_3D('',#3202,#2623,#2624);
#2121=AXIS2_PLACEMENT_3D('',#3203,#2625,#2626);
#2122=AXIS2_PLACEMENT_3D('',#3204,#2627,#2628);
#2123=AXIS2_PLACEMENT_3D('',#3205,#2629,#2630);
#2124=AXIS2_PLACEMENT_3D('',#3206,#2631,#2632);
#2125=AXIS2_PLACEMENT_3D('',#3207,#2633,#2634);
#2126=AXIS2_PLACEMENT_3D('',#3208,#2635,#2636);
#2127=AXIS2_PLACEMENT_3D('',#3209,#2637,#2638);
#2128=AXIS2_PLACEMENT_3D('',#3210,#2639,#2640);
#2129=AXIS2_PLACEMENT_3D('',#3211,#2641,#2642);
#2130=AXIS2_PLACEMENT_3D('',#3212,#2643,#2644);
#2131=AXIS2_PLACEMENT_3D('',#3213,#2645,#2646);
#2132=AXIS2_PLACEMENT_3D('',#3214,#2647,#2648);
#2133=AXIS2_PLACEMENT_3D('',#3215,#2649,#2650);
#2134=AXIS2_PLACEMENT_3D('',#3216,#2651,#2652);
#2135=AXIS2_PLACEMENT_3D('',#3217,#2653,#2654);
#2136=AXIS2_PLACEMENT_3D('',#3218,#2655,#2656);
#2137=AXIS2_PLACEMENT_3D('',#3219,#2657,#2658);
#2138=AXIS2_PLACEMENT_3D('',#3225,#2662,#2663);
#2139=AXIS2_PLACEMENT_3D('',#3227,#2665,#2666);
#2140=AXIS2_PLACEMENT_3D('',#3229,#2668,#2669);
#2141=AXIS2_PLACEMENT_3D('',#3230,#2670,#2671);
#2142=AXIS2_PLACEMENT_3D('',#3234,#2674,#2675);
#2143=AXIS2_PLACEMENT_3D('',#3238,#2678,#2679);
#2144=AXIS2_PLACEMENT_3D('',#3244,#2683,#2684);
#2145=AXIS2_PLACEMENT_3D('',#3246,#2686,#2687);
#2146=AXIS2_PLACEMENT_3D('',#3248,#2689,#2690);
#2147=AXIS2_PLACEMENT_3D('',#3249,#2691,#2692);
#2148=DIRECTION('',(0.,0.,1.));
#2149=DIRECTION('',(1.,0.,0.));
#2150=DIRECTION('',(1.,-1.10106218722742E-16,0.));
#2151=DIRECTION('',(1.10106218722742E-16,1.,0.));
#2152=DIRECTION('',(0.,0.,1.));
#2153=DIRECTION('',(-1.10311512360588E-16,-0.999996230558755,-0.00274569996209818));
#2154=DIRECTION('',(0.,0.,1.));
#2155=DIRECTION('',(-1.1010580368382E-16,-0.999996230558755,0.00274569996209816));
#2156=DIRECTION('',(0.,0.,1.));
#2157=DIRECTION('',(1.10106218722742E-16,1.,0.));
#2158=DIRECTION('',(0.,0.,1.));
#2159=DIRECTION('',(-1.10106218722742E-16,-1.,0.));
#2160=DIRECTION('',(0.,0.,-1.));
#2161=DIRECTION('',(1.10106218722742E-16,1.,0.));
#2162=DIRECTION('',(0.,0.,-1.));
#2163=DIRECTION('',(0.,-1.,0.));
#2164=DIRECTION('',(0.,0.,-1.));
#2165=DIRECTION('',(0.,-1.,0.));
#2166=DIRECTION('',(0.,0.,-1.));
#2167=DIRECTION('',(-1.10106218722742E-16,-1.,0.));
#2168=DIRECTION('',(0.,0.,-1.));
#2169=DIRECTION('',(-7.78568539096583E-17,-0.707106781186528,0.707106781186567));
#2170=DIRECTION('',(-1.10106218722742E-16,-1.,0.));
#2171=DIRECTION('',(-7.785750609229E-17,-0.707112704399942,-0.707100857923535));
#2172=DIRECTION('',(0.866023280734126,0.500003677212979,0.));
#2173=DIRECTION('',(-0.500003677212979,0.866023280734126,0.));
#2174=DIRECTION('',(0.965925276803057,0.258821095803524,0.));
#2175=DIRECTION('',(-0.258821095803524,0.965925276803057,0.));
#2176=DIRECTION('',(0.866023280734126,0.500003677212979,0.));
#2177=DIRECTION('',(0.49999816139013,0.86602646530374,0.));
#2178=DIRECTION('',(-0.86602646530374,0.49999816139013,0.));
#2179=DIRECTION('',(0.866023280734126,0.500003677212979,0.));
#2180=DIRECTION('',(0.,1.,0.));
#2181=DIRECTION('',(0.,0.,1.));
#2182=DIRECTION('',(0.,1.,0.));
#2183=DIRECTION('',(-0.49999816139013,0.86602646530374,0.));
#2184=DIRECTION('',(0.86602646530374,0.49999816139013,0.));
#2185=DIRECTION('',(0.,1.,0.));
#2186=DIRECTION('',(-0.866023280734126,0.500003677212979,0.));
#2187=DIRECTION('',(-0.500003677212979,-0.866023280734126,0.));
#2188=DIRECTION('',(-0.866023280734126,0.500003677212979,0.));
#2189=DIRECTION('',(-0.965925276803058,0.258821095803524,0.));
#2190=DIRECTION('',(0.258821095803524,0.965925276803057,0.));
#2191=DIRECTION('',(-0.866023280734126,0.500003677212979,0.));
#2192=DIRECTION('',(0.500003677212979,0.866023280734126,0.));
#2193=DIRECTION('',(-0.866023280734126,0.500003677212979,0.));
#2194=DIRECTION('',(0.,0.,1.));
#2195=DIRECTION('',(0.,0.,1.));
#2196=DIRECTION('',(-0.866023280734126,0.500003677212979,0.));
#2197=DIRECTION('',(1.,0.,0.));
#2198=DIRECTION('',(0.,0.,-1.));
#2199=DIRECTION('',(0.,0.,1.));
#2200=DIRECTION('',(0.,1.,0.));
#2201=DIRECTION('',(0.500003677212979,-0.866023280734126,0.));
#2202=DIRECTION('',(0.866023280734126,0.500003677212979,0.));
#2203=DIRECTION('',(0.,0.,1.));
#2204=DIRECTION('',(0.866023280734126,0.500003677212979,0.));
#2205=DIRECTION('',(-0.707106781186547,0.,-0.707106781186548));
#2206=DIRECTION('',(0.,1.,0.));
#2207=DIRECTION('',(0.577350269189626,-0.577350269189626,-0.577350269189626));
#2208=DIRECTION('',(0.,1.,0.));
#2209=DIRECTION('',(-0.577350269189626,-0.577350269189626,0.577350269189626));
#2210=DIRECTION('',(0.,-1.,0.));
#2211=DIRECTION('',(0.,1.,0.));
#2212=DIRECTION('',(0.,0.,1.));
#2213=DIRECTION('',(0.,0.,1.));
#2214=DIRECTION('',(-1.,0.,0.));
#2215=DIRECTION('',(-1.,0.,0.));
#2216=DIRECTION('',(1.,0.,0.));
#2217=DIRECTION('',(0.,0.,-1.));
#2218=DIRECTION('',(1.,0.,0.));
#2219=DIRECTION('',(0.,0.,-1.));
#2220=DIRECTION('',(-1.,0.,0.));
#2221=DIRECTION('',(-1.,0.,0.));
#2222=DIRECTION('',(0.,0.,1.));
#2223=DIRECTION('',(1.,0.,0.));
#2224=DIRECTION('',(0.,0.,-1.));
#2225=DIRECTION('',(-1.,0.,0.));
#2226=DIRECTION('',(-1.,0.,0.));
#2227=DIRECTION('',(0.,1.,0.));
#2228=DIRECTION('',(0.,0.,1.));
#2229=DIRECTION('',(0.,0.,1.));
#2230=DIRECTION('',(-1.,0.,0.));
#2231=DIRECTION('',(0.,0.,1.));
#2232=DIRECTION('',(1.,0.,0.));
#2233=DIRECTION('',(0.,-1.,0.));
#2234=DIRECTION('',(0.,0.,-1.));
#2235=DIRECTION('',(1.,0.,0.));
#2236=DIRECTION('',(0.,1.,0.));
#2237=DIRECTION('',(0.,0.,1.));
#2238=DIRECTION('',(-1.,0.,0.));
#2239=DIRECTION('',(0.,0.,1.));
#2240=DIRECTION('',(-1.,0.,0.));
#2241=DIRECTION('',(0.,0.,-1.));
#2242=DIRECTION('',(0.,0.,-1.));
#2243=DIRECTION('',(-1.,0.,0.));
#2244=DIRECTION('',(-1.,0.,0.));
#2245=DIRECTION('',(0.,-1.,0.));
#2246=DIRECTION('',(-1.10106218722742E-16,-1.,0.));
#2247=DIRECTION('',(0.,1.,0.));
#2248=DIRECTION('',(0.,0.,1.));
#2249=DIRECTION('',(-1.,0.,0.));
#2250=DIRECTION('',(0.,0.,-1.));
#2251=DIRECTION('',(0.,0.,-1.));
#2252=DIRECTION('',(0.,0.,-1.));
#2253=DIRECTION('',(-1.,0.,0.));
#2254=DIRECTION('',(-1.10106218722742E-16,-1.,0.));
#2255=DIRECTION('',(0.707106781186548,0.707106781186548,0.));
#2256=DIRECTION('',(0.,0.,-1.));
#2257=DIRECTION('',(0.577350269189626,-0.577350269189626,0.577350269189626));
#2258=DIRECTION('',(0.,0.,1.));
#2259=DIRECTION('',(0.577350269189615,-0.577350269189615,-0.577350269189647));
#2260=DIRECTION('',(0.707106781186548,0.,-0.707106781186548));
#2261=DIRECTION('',(0.,-1.,0.));
#2262=DIRECTION('',(0.,-1.,0.));
#2263=DIRECTION('',(0.577350269189626,0.577350269189626,0.577350269189626));
#2264=DIRECTION('',(-0.707106781186548,0.707106781186548,0.));
#2265=DIRECTION('',(0.,0.,1.));
#2266=DIRECTION('',(0.577350269189615,0.577350269189615,-0.577350269189647));
#2267=DIRECTION('',(0.,0.,-1.));
#2268=DIRECTION('',(1.,0.,0.));
#2269=DIRECTION('',(0.,0.,-1.));
#2270=DIRECTION('',(1.,0.,0.));
#2271=DIRECTION('',(0.,0.,-1.));
#2272=DIRECTION('',(-1.,0.,0.));
#2273=DIRECTION('',(0.965925276803058,-0.258821095803524,0.));
#2274=DIRECTION('',(-0.258821095803524,-0.965925276803057,0.));
#2275=DIRECTION('',(0.866023280734126,-0.500003677212979,0.));
#2276=DIRECTION('',(0.500003677212979,0.866023280734126,0.));
#2277=DIRECTION('',(0.49999816139013,-0.86602646530374,0.));
#2278=DIRECTION('',(-0.86602646530374,-0.49999816139013,0.));
#2279=DIRECTION('',(-0.866023280734126,0.500003677212979,0.));
#2280=DIRECTION('',(0.,-1.,0.));
#2281=DIRECTION('',(0.,0.,-1.));
#2282=DIRECTION('',(-0.49999816139013,-0.86602646530374,0.));
#2283=DIRECTION('',(-0.86602646530374,0.49999816139013,0.));
#2284=DIRECTION('',(0.,1.,0.));
#2285=DIRECTION('',(-0.866023280734126,-0.500003677212979,0.));
#2286=DIRECTION('',(0.500003677212979,-0.866023280734126,0.));
#2287=DIRECTION('',(-0.965925276803057,-0.258821095803524,0.));
#2288=DIRECTION('',(-0.258821095803524,0.965925276803057,0.));
#2289=DIRECTION('',(0.866023280734126,0.500003677212979,0.));
#2290=DIRECTION('',(-1.,0.,0.));
#2291=DIRECTION('',(0.,0.,1.));
#2292=DIRECTION('',(1.,0.,0.));
#2293=DIRECTION('',(0.,0.,-1.));
#2294=DIRECTION('',(-1.,0.,0.));
#2295=DIRECTION('',(1.,0.,0.));
#2296=DIRECTION('',(0.,0.,-1.));
#2297=DIRECTION('',(0.,-1.,0.));
#2298=DIRECTION('',(0.,0.,-1.));
#2299=DIRECTION('',(0.,-1.,0.));
#2300=DIRECTION('',(0.,-1.,0.));
#2301=DIRECTION('',(0.,0.,1.));
#2302=DIRECTION('',(0.,-1.,0.));
#2303=DIRECTION('',(0.,0.,1.));
#2304=DIRECTION('',(1.,0.,0.));
#2305=DIRECTION('',(0.,0.,-1.));
#2306=DIRECTION('',(1.,0.,0.));
#2307=DIRECTION('',(0.,0.,1.));
#2308=DIRECTION('',(1.,0.,0.));
#2309=DIRECTION('',(0.,0.,-1.));
#2310=DIRECTION('',(-1.,0.,0.));
#2311=DIRECTION('',(0.,0.,1.));
#2312=DIRECTION('',(0.,0.,-1.));
#2313=DIRECTION('',(-1.,0.,0.));
#2314=DIRECTION('',(0.,0.,1.));
#2315=DIRECTION('',(0.,0.,1.));
#2316=DIRECTION('',(1.,0.,0.));
#2317=DIRECTION('',(-1.,1.10106218722742E-16,0.));
#2318=DIRECTION('',(-1.10106218722742E-16,-1.,0.));
#2319=DIRECTION('',(1.10106218722742E-16,1.,0.));
#2320=DIRECTION('',(0.,0.,-1.));
#2321=DIRECTION('',(1.10106218722742E-16,1.,0.));
#2322=DIRECTION('',(0.,0.,-1.));
#2323=DIRECTION('',(0.,0.,-1.));
#2324=DIRECTION('',(-1.,0.,0.));
#2325=DIRECTION('',(0.,0.,-1.));
#2326=DIRECTION('',(-1.,0.,0.));
#2327=DIRECTION('',(0.,0.,-1.));
#2328=DIRECTION('',(-1.,0.,0.));
#2329=DIRECTION('',(0.,0.,-1.));
#2330=DIRECTION('',(-1.,0.,0.));
#2331=DIRECTION('',(0.,0.,-1.));
#2332=DIRECTION('',(-1.,0.,0.));
#2333=DIRECTION('',(0.,0.,-1.));
#2334=DIRECTION('',(-1.,0.,0.));
#2335=DIRECTION('',(0.,0.,1.));
#2336=DIRECTION('',(1.,0.,0.));
#2337=DIRECTION('',(0.,-0.707106781186528,0.707106781186567));
#2338=DIRECTION('',(-0.707106781186528,0.,0.707106781186567));
#2339=DIRECTION('',(0.,0.,-1.));
#2340=DIRECTION('',(-1.,0.,0.));
#2341=DIRECTION('',(-0.707106781186567,0.,-0.707106781186528));
#2342=DIRECTION('',(0.,-1.,0.));
#2343=DIRECTION('',(-0.707106781186567,0.,-0.707106781186528));
#2344=DIRECTION('',(0.707106781186528,0.,-0.707106781186567));
#2345=DIRECTION('',(0.578461046094151,-0.575122279435674,-0.578461046094183));
#2346=DIRECTION('',(0.,1.,0.));
#2347=DIRECTION('',(0.,0.,1.));
#2348=DIRECTION('',(1.,0.,0.));
#2349=DIRECTION('',(-0.999983246692737,-0.00578846558705964,0.));
#2350=DIRECTION('',(0.,0.,1.));
#2351=DIRECTION('',(1.,0.,0.));
#2352=DIRECTION('',(1.,0.,0.));
#2353=DIRECTION('',(1.,0.,0.));
#2354=DIRECTION('',(-1.,0.,0.));
#2355=DIRECTION('',(0.,-0.707106781186567,-0.707106781186528));
#2356=DIRECTION('',(1.,0.,0.));
#2357=DIRECTION('',(-1.,0.,0.));
#2358=DIRECTION('',(1.,0.,0.));
#2359=DIRECTION('',(0.,1.,0.));
#2360=DIRECTION('',(0.,0.,1.));
#2361=DIRECTION('',(-1.,0.,0.));
#2362=DIRECTION('',(-0.00409306326927484,0.707094934809374,-0.707106781186548));
#2363=DIRECTION('',(-0.999983246692737,-0.00578846558705964,0.));
#2364=DIRECTION('',(-0.00409306326927484,0.707094934809374,-0.707106781186548));
#2365=DIRECTION('',(0.00409306326927484,-0.707094934809375,-0.707106781186547));
#2366=DIRECTION('',(-0.999983246692737,-0.00578846558705964,0.));
#2367=DIRECTION('',(0.999983246692737,0.00578846558705964,0.));
#2368=DIRECTION('',(0.,0.,-1.));
#2369=DIRECTION('',(1.,0.,0.));
#2370=DIRECTION('',(0.,0.,-1.));
#2371=DIRECTION('',(1.,0.,0.));
#2372=DIRECTION('',(1.,0.,0.));
#2373=DIRECTION('',(0.00578846558705964,-0.999983246692737,0.));
#2374=DIRECTION('',(0.999983246692737,0.00578846558705964,0.));
#2375=DIRECTION('',(0.,0.,-1.));
#2376=DIRECTION('',(0.90349276615974,0.00522992440360347,-0.428571428571427));
#2377=DIRECTION('',(0.,0.,-1.));
#2378=DIRECTION('',(0.903492766159739,0.00522992440360346,0.428571428571429));
#2379=DIRECTION('',(0.,0.,-1.));
#2380=DIRECTION('',(1.,0.,0.));
#2381=DIRECTION('',(-1.,0.,0.));
#2382=DIRECTION('',(1.,0.,0.));
#2383=DIRECTION('',(0.,-1.,0.));
#2384=DIRECTION('',(0.,0.,-1.));
#2385=DIRECTION('',(0.,1.,0.));
#2386=DIRECTION('',(0.,0.,1.));
#2387=DIRECTION('',(0.,1.,0.));
#2388=DIRECTION('',(0.,0.,1.));
#2389=DIRECTION('',(0.,0.,-1.));
#2390=DIRECTION('',(0.903507902905252,0.,-0.428571428571427));
#2391=DIRECTION('',(0.903507902905251,0.,0.428571428571429));
#2392=DIRECTION('',(-0.428571428571427,0.,-0.903507902905252));
#2393=DIRECTION('',(-0.903507902905252,0.,0.428571428571427));
#2394=DIRECTION('',(0.,-1.,0.));
#2395=DIRECTION('',(0.903507902905252,0.,-0.428571428571427));
#2396=DIRECTION('',(-1.,0.,0.));
#2397=DIRECTION('',(0.,0.,1.));
#2398=DIRECTION('',(0.,-1.,0.));
#2399=DIRECTION('',(0.,0.,-1.));
#2400=DIRECTION('',(0.428571428571429,0.,-0.903507902905251));
#2401=DIRECTION('',(-0.903507902905251,0.,-0.428571428571429));
#2402=DIRECTION('',(0.903507902905251,0.,0.428571428571429));
#2403=DIRECTION('',(0.,-1.,0.));
#2404=DIRECTION('',(1.,0.,0.));
#2405=DIRECTION('',(-0.428564248582603,-0.00248077096588271,0.903507902905251));
#2406=DIRECTION('',(0.903510683113358,0.,0.428565567329007));
#2407=DIRECTION('',(-0.00578846558705964,0.999983246692737,0.));
#2408=DIRECTION('',(0.903492766159739,0.00522992440360346,0.428571428571429));
#2409=DIRECTION('',(0.999983246692737,0.00578846558705964,0.));
#2410=DIRECTION('',(-0.00578846558705964,0.999983246692737,0.));
#2411=DIRECTION('',(-0.00578846558705964,0.999983246692737,0.));
#2412=DIRECTION('',(0.,0.,-1.));
#2413=DIRECTION('',(0.4285642485826,0.00248077096588269,0.903507902905252));
#2414=DIRECTION('',(0.903510683113359,0.,-0.428565567329004));
#2415=DIRECTION('',(0.90349276615974,0.00522992440360347,-0.428571428571427));
#2416=DIRECTION('',(-0.00578846558705964,0.999983246692737,0.));
#2417=DIRECTION('',(-0.999983246692737,-0.00578846558705964,0.));
#2418=DIRECTION('',(0.,0.,-1.));
#2419=DIRECTION('',(-1.,0.,0.));
#2420=DIRECTION('',(0.,0.,1.));
#2421=DIRECTION('',(1.,0.,0.));
#2422=DIRECTION('',(1.,-1.10106218722742E-16,0.));
#2423=DIRECTION('',(1.10106218722742E-16,1.,0.));
#2424=DIRECTION('',(-1.10311512360588E-16,-0.999996230558755,-0.00274569996209818));
#2425=DIRECTION('',(0.,0.,1.));
#2426=DIRECTION('',(-7.785750609229E-17,-0.707112704399942,-0.707100857923535));
#2427=DIRECTION('',(-1.10106218722742E-16,-1.,0.));
#2428=DIRECTION('',(-7.78568539096583E-17,-0.707106781186528,0.707106781186567));
#2429=DIRECTION('',(0.,0.,-1.));
#2430=DIRECTION('',(-1.10106218722742E-16,-1.,0.));
#2431=DIRECTION('',(0.,0.,-1.));
#2432=DIRECTION('',(0.,-1.,0.));
#2433=DIRECTION('',(0.,0.,-1.));
#2434=DIRECTION('',(0.,-1.,0.));
#2435=DIRECTION('',(0.,0.,-1.));
#2436=DIRECTION('',(1.10106218722742E-16,1.,0.));
#2437=DIRECTION('',(0.,0.,-1.));
#2438=DIRECTION('',(-1.10106218722742E-16,-1.,0.));
#2439=DIRECTION('',(0.,0.,1.));
#2440=DIRECTION('',(1.10106218722742E-16,1.,0.));
#2441=DIRECTION('',(0.,0.,1.));
#2442=DIRECTION('',(-1.1010580368382E-16,-0.999996230558755,0.00274569996209816));
#2443=DIRECTION('',(0.,0.,1.));
#2444=DIRECTION('',(-1.,0.,0.));
#2445=DIRECTION('',(0.,0.,1.));
#2446=DIRECTION('',(0.,1.,0.));
#2447=DIRECTION('',(0.,0.,-1.));
#2448=DIRECTION('',(0.,1.,0.));
#2449=DIRECTION('',(0.,0.,-1.));
#2450=DIRECTION('',(0.,1.,0.));
#2451=DIRECTION('',(0.,0.,1.));
#2452=DIRECTION('',(0.,1.,0.));
#2453=DIRECTION('',(0.,0.,1.));
#2454=DIRECTION('',(0.,1.,0.));
#2455=DIRECTION('',(0.,0.,1.));
#2456=DIRECTION('',(0.,0.,-1.));
#2457=DIRECTION('',(-0.903507902905251,0.,0.428571428571428));
#2458=DIRECTION('',(1.,0.,0.));
#2459=DIRECTION('',(0.,0.,-1.));
#2460=DIRECTION('',(1.,0.,0.));
#2461=DIRECTION('',(-0.903507902905252,0.,-0.428571428571428));
#2462=DIRECTION('',(0.,0.,-1.));
#2463=DIRECTION('',(-1.,0.,0.));
#2464=DIRECTION('',(0.,0.,1.));
#2465=DIRECTION('',(1.,0.,0.));
#2466=DIRECTION('',(0.,0.,-1.));
#2467=DIRECTION('',(0.,0.,1.));
#2468=DIRECTION('',(1.,0.,0.));
#2469=DIRECTION('',(-1.,0.,0.));
#2470=DIRECTION('',(0.,0.,1.));
#2471=DIRECTION('',(0.,1.,0.));
#2472=DIRECTION('',(0.,0.,-1.));
#2473=DIRECTION('',(0.,1.,0.));
#2474=DIRECTION('',(0.,0.,-1.));
#2475=DIRECTION('',(0.,1.,0.));
#2476=DIRECTION('',(0.,0.,1.));
#2477=DIRECTION('',(1.,0.,0.));
#2478=DIRECTION('',(1.,0.,0.));
#2479=DIRECTION('',(0.,-1.,0.));
#2480=DIRECTION('',(0.,0.,-1.));
#2481=DIRECTION('',(-1.,0.,0.));
#2482=DIRECTION('',(-1.,0.,0.));
#2483=DIRECTION('',(0.00578846558705964,-0.999983246692737,0.));
#2484=DIRECTION('',(0.999983246692737,0.00578846558705964,0.));
#2485=DIRECTION('',(-0.999983246692737,-0.00578846558705964,0.));
#2486=DIRECTION('',(0.,0.,-1.));
#2487=DIRECTION('',(-0.999983246692737,-0.00578846558705964,0.));
#2488=DIRECTION('',(-0.903492766159739,-0.00522992440360346,0.42857142857143));
#2489=DIRECTION('',(0.,0.,-1.));
#2490=DIRECTION('',(-0.903492766159739,-0.00522992440360346,-0.428571428571429));
#2491=DIRECTION('',(0.,0.,1.));
#2492=DIRECTION('',(1.,0.,0.));
#2493=DIRECTION('',(0.,0.,1.));
#2494=DIRECTION('',(1.,0.,0.));
#2495=DIRECTION('',(0.,0.,1.));
#2496=DIRECTION('',(1.,0.,0.));
#2497=DIRECTION('',(0.707106781186548,0.707106781186548,0.));
#2498=DIRECTION('',(1.,0.,0.));
#2499=DIRECTION('',(0.866023280734126,0.500003677212979,0.));
#2500=DIRECTION('',(0.,1.,0.));
#2501=DIRECTION('',(-0.866023280734126,0.50000367721298,0.));
#2502=DIRECTION('',(1.,0.,0.));
#2503=DIRECTION('',(0.707106781186548,-0.707106781186548,0.));
#2504=DIRECTION('',(0.,0.,1.));
#2505=DIRECTION('',(1.,0.,0.));
#2506=DIRECTION('',(0.,0.,-1.));
#2507=DIRECTION('',(1.,0.,0.));
#2508=DIRECTION('',(-1.,0.,0.));
#2509=DIRECTION('',(0.,0.,-1.));
#2510=DIRECTION('',(-1.,0.,0.));
#2511=DIRECTION('',(0.,0.,-1.));
#2512=DIRECTION('',(1.,0.,0.));
#2513=DIRECTION('',(0.999983246692737,0.00578846558705964,0.));
#2514=DIRECTION('',(0.,-1.,0.));
#2515=DIRECTION('',(0.,0.,-1.));
#2516=DIRECTION('',(-1.,0.,0.));
#2517=DIRECTION('',(-1.,0.,0.));
#2518=DIRECTION('',(0.,0.,-1.));
#2519=DIRECTION('',(-1.,0.,0.));
#2520=DIRECTION('',(0.,0.,-1.));
#2521=DIRECTION('',(-1.,0.,0.));
#2522=DIRECTION('',(0.,1.,0.));
#2523=DIRECTION('',(0.,0.,1.));
#2524=DIRECTION('',(1.,0.,0.));
#2525=DIRECTION('',(0.,0.,1.));
#2526=DIRECTION('',(0.,0.,-1.));
#2527=DIRECTION('',(1.,0.,0.));
#2528=DIRECTION('',(0.,0.,-1.));
#2529=DIRECTION('',(-1.,0.,0.));
#2530=DIRECTION('',(0.,0.,-1.));
#2531=DIRECTION('',(-1.,0.,0.));
#2532=DIRECTION('',(0.,0.,1.));
#2533=DIRECTION('',(1.,0.,0.));
#2534=DIRECTION('',(0.,0.,-1.));
#2535=DIRECTION('',(-1.,0.,0.));
#2536=DIRECTION('',(0.707106781186567,0.,-0.707106781186528));
#2537=DIRECTION('',(0.,1.,0.));
#2538=DIRECTION('',(0.576233043914081,0.57957825891159,0.576233043914112));
#2539=DIRECTION('',(0.707106781186567,0.,-0.707106781186528));
#2540=DIRECTION('',(-0.707106781186528,0.,-0.707106781186567));
#2541=DIRECTION('',(0.707106781186528,0.,0.707106781186567));
#2542=DIRECTION('',(0.,0.,1.));
#2543=DIRECTION('',(1.,0.,0.));
#2544=DIRECTION('',(0.,-0.707106781186528,0.707106781186567));
#2545=DIRECTION('',(0.,-0.707106781186567,-0.707106781186528));
#2546=DIRECTION('',(1.,0.,0.));
#2547=DIRECTION('',(-0.00409306326927484,0.707094934809374,-0.707106781186548));
#2548=DIRECTION('',(-0.999983246692737,-0.00578846558705964,0.));
#2549=DIRECTION('',(-0.00409306326927484,0.707094934809374,-0.707106781186548));
#2550=DIRECTION('',(0.00409306326927484,-0.707094934809375,-0.707106781186547));
#2551=DIRECTION('',(0.,0.,-1.));
#2552=DIRECTION('',(-1.,0.,0.));
#2553=DIRECTION('',(0.,0.,-1.));
#2554=DIRECTION('',(-1.,0.,0.));
#2555=DIRECTION('',(0.,-1.,0.));
#2556=DIRECTION('',(0.,0.,-1.));
#2557=DIRECTION('',(0.,0.,1.));
#2558=DIRECTION('',(1.,0.,0.));
#2559=DIRECTION('',(0.,0.,1.));
#2560=DIRECTION('',(1.,0.,0.));
#2561=DIRECTION('',(0.,-1.,0.));
#2562=DIRECTION('',(0.,0.,-1.));
#2563=DIRECTION('',(0.,0.,-1.));
#2564=DIRECTION('',(1.,0.,0.));
#2565=DIRECTION('',(0.,0.,1.));
#2566=DIRECTION('',(1.,0.,0.));
#2567=DIRECTION('',(0.,0.,1.));
#2568=DIRECTION('',(1.,0.,0.));
#2569=DIRECTION('',(0.,0.,1.));
#2570=DIRECTION('',(1.,0.,0.));
#2571=DIRECTION('',(-0.707106781186548,0.707106781186548,0.));
#2572=DIRECTION('',(1.,0.,0.));
#2573=DIRECTION('',(-0.866023280734126,0.50000367721298,0.));
#2574=DIRECTION('',(0.,1.,0.));
#2575=DIRECTION('',(0.866023280734126,0.500003677212979,0.));
#2576=DIRECTION('',(1.,0.,0.));
#2577=DIRECTION('',(-0.707106781186548,-0.707106781186548,0.));
#2578=DIRECTION('',(0.500003677212979,-0.866023280734126,0.));
#2579=DIRECTION('',(0.866023280734126,0.500003677212979,0.));
#2580=DIRECTION('',(0.866023280734126,0.500003677212979,0.));
#2581=DIRECTION('',(0.,0.,1.));
#2582=DIRECTION('',(0.866023280734126,0.500003677212979,0.));
#2583=DIRECTION('',(1.,0.,0.));
#2584=DIRECTION('',(0.,0.,-1.));
#2585=DIRECTION('',(0.,0.,1.));
#2586=DIRECTION('',(0.,1.,0.));
#2587=DIRECTION('',(0.,1.,0.));
#2588=DIRECTION('',(0.50000367721298,0.866023280734126,0.));
#2589=DIRECTION('',(-0.866023280734126,0.50000367721298,0.));
#2590=DIRECTION('',(0.,0.,1.));
#2591=DIRECTION('',(-0.866023280734126,0.50000367721298,0.));
#2592=DIRECTION('',(-0.866023280734126,0.50000367721298,0.));
#2593=DIRECTION('',(0.,0.,1.));
#2594=DIRECTION('',(1.,0.,0.));
#2595=DIRECTION('',(-0.707106781186548,0.707106781186548,0.));
#2596=DIRECTION('',(0.,0.,1.));
#2597=DIRECTION('',(-0.707106781186548,0.707106781186548,0.));
#2598=DIRECTION('',(-0.707106781186548,-0.707106781186548,0.));
#2599=DIRECTION('',(-0.707106781186548,0.707106781186548,0.));
#2600=DIRECTION('',(0.707106781186548,0.707106781186548,0.));
#2601=DIRECTION('',(0.707106781186548,0.707106781186548,0.));
#2602=DIRECTION('',(0.,0.,-1.));
#2603=DIRECTION('',(0.707106781186548,0.707106781186548,0.));
#2604=DIRECTION('',(-0.707106781186548,0.707106781186548,0.));
#2605=DIRECTION('',(0.707106781186548,0.707106781186548,0.));
#2606=DIRECTION('',(0.707106781186548,-0.707106781186548,0.));
#2607=DIRECTION('',(1.,0.,0.));
#2608=DIRECTION('',(0.,0.,-1.));
#2609=DIRECTION('',(0.965925276803058,0.258821095803524,0.));
#2610=DIRECTION('',(-0.258821095803524,0.965925276803057,0.));
#2611=DIRECTION('',(0.866023280734126,0.500003677212979,0.));
#2612=DIRECTION('',(-0.500003677212979,0.866023280734126,0.));
#2613=DIRECTION('',(0.49999816139013,0.86602646530374,0.));
#2614=DIRECTION('',(0.86602646530374,-0.49999816139013,0.));
#2615=DIRECTION('',(-1.,0.,0.));
#2616=DIRECTION('',(0.,0.,1.));
#2617=DIRECTION('',(-0.965925276803057,0.258821095803525,0.));
#2618=DIRECTION('',(0.258821095803524,0.965925276803057,0.));
#2619=DIRECTION('',(-1.,0.,0.));
#2620=DIRECTION('',(0.,0.,1.));
#2621=DIRECTION('',(-0.965925276803058,-0.258821095803524,0.));
#2622=DIRECTION('',(-0.258821095803524,0.965925276803057,0.));
#2623=DIRECTION('',(0.,1.,0.));
#2624=DIRECTION('',(0.,0.,1.));
#2625=DIRECTION('',(0.,1.,0.));
#2626=DIRECTION('',(0.,0.,1.));
#2627=DIRECTION('',(-0.866023280734126,0.50000367721298,0.));
#2628=DIRECTION('',(-0.50000367721298,-0.866023280734126,0.));
#2629=DIRECTION('',(0.866023280734129,-0.500003677212975,0.));
#2630=DIRECTION('',(0.500003677212975,0.866023280734129,0.));
#2631=DIRECTION('',(-0.866023280734126,-0.500003677212979,0.));
#2632=DIRECTION('',(0.500003677212979,-0.866023280734126,0.));
#2633=DIRECTION('',(-0.49999816139013,-0.86602646530374,0.));
#2634=DIRECTION('',(-0.86602646530374,0.49999816139013,0.));
#2635=DIRECTION('',(0.,0.,1.));
#2636=DIRECTION('',(1.,0.,0.));
#2637=DIRECTION('',(0.,0.,1.));
#2638=DIRECTION('',(1.,0.,0.));
#2639=DIRECTION('',(0.,-1.,0.));
#2640=DIRECTION('',(0.,0.,-1.));
#2641=DIRECTION('',(0.,1.,0.));
#2642=DIRECTION('',(0.,0.,1.));
#2643=DIRECTION('',(0.,0.,1.));
#2644=DIRECTION('',(1.,0.,0.));
#2645=DIRECTION('',(0.,0.,-1.));
#2646=DIRECTION('',(-1.,0.,0.));
#2647=DIRECTION('',(0.,0.,-1.));
#2648=DIRECTION('',(-1.,0.,0.));
#2649=DIRECTION('',(0.866023280734129,-0.500003677212975,0.));
#2650=DIRECTION('',(0.500003677212975,0.866023280734129,0.));
#2651=DIRECTION('',(0.866023280734126,-0.50000367721298,0.));
#2652=DIRECTION('',(0.50000367721298,0.866023280734126,0.));
#2653=DIRECTION('',(0.965925276803057,-0.258821095803525,0.));
#2654=DIRECTION('',(-0.258821095803524,-0.965925276803057,0.));
#2655=DIRECTION('',(1.,0.,0.));
#2656=DIRECTION('',(0.,0.,-1.));
#2657=DIRECTION('',(0.,-1.,0.));
#2658=DIRECTION('',(1.,0.,0.));
#2659=DIRECTION('',(-0.903507902905251,0.,0.428571428571428));
#2660=DIRECTION('',(0.,0.,-1.));
#2661=DIRECTION('',(-0.903507902905252,0.,-0.428571428571428));
#2662=DIRECTION('',(0.428571428571428,0.,0.903507902905252));
#2663=DIRECTION('',(0.903507902905252,0.,-0.428571428571428));
#2664=DIRECTION('',(0.,-1.,0.));
#2665=DIRECTION('',(-1.,0.,0.));
#2666=DIRECTION('',(0.,0.,1.));
#2667=DIRECTION('',(0.,-1.,0.));
#2668=DIRECTION('',(-0.428571428571428,0.,0.903507902905252));
#2669=DIRECTION('',(0.903507902905252,0.,0.428571428571428));
#2670=DIRECTION('',(-0.428564248582603,-0.00248077096588271,0.903507902905251));
#2671=DIRECTION('',(0.903510683113358,0.,0.428565567329007));
#2672=DIRECTION('',(0.903492766159739,0.00522992440360346,0.428571428571429));
#2673=DIRECTION('',(-0.00578846558705964,0.999983246692737,0.));
#2674=DIRECTION('',(0.4285642485826,0.00248077096588269,0.903507902905252));
#2675=DIRECTION('',(0.903510683113359,0.,-0.428565567329004));
#2676=DIRECTION('',(-0.00578846558705964,0.999983246692737,0.));
#2677=DIRECTION('',(0.90349276615974,0.00522992440360347,-0.428571428571427));
#2678=DIRECTION('',(-0.00578846558705964,0.999983246692737,0.));
#2679=DIRECTION('',(-0.999983246692737,-0.00578846558705964,0.));
#2680=DIRECTION('',(-0.903492766159739,-0.00522992440360346,-0.428571428571429));
#2681=DIRECTION('',(0.,0.,-1.));
#2682=DIRECTION('',(-0.903492766159739,-0.00522992440360346,0.42857142857143));
#2683=DIRECTION('',(0.428564248582603,0.0024807709658827,-0.903507902905251));
#2684=DIRECTION('',(-0.903510683113358,0.,-0.428565567329006));
#2685=DIRECTION('',(-0.00578846558705964,0.999983246692737,0.));
#2686=DIRECTION('',(0.999983246692737,0.00578846558705964,0.));
#2687=DIRECTION('',(-0.00578846558705964,0.999983246692737,0.));
#2688=DIRECTION('',(-0.00578846558705964,0.999983246692737,0.));
#2689=DIRECTION('',(-0.428564248582604,-0.00248077096588271,-0.90350790290525));
#2690=DIRECTION('',(-0.903510683113357,0.,0.428565567329008));
#2691=DIRECTION('',(0.,0.,-1.));
#2692=DIRECTION('',(-1.,0.,0.));
#2693=CARTESIAN_POINT('',(0.,0.,0.));
#2694=CARTESIAN_POINT('',(0.22148523,-0.18811,0.00656));
#2695=CARTESIAN_POINT('',(0.22148523,-0.121463543251802,0.00656));
#2696=CARTESIAN_POINT('',(0.22148523,-0.121463543251802,0.00106));
#2697=CARTESIAN_POINT('',(0.22148523,-0.121463543251802,0.00416535));
#2698=CARTESIAN_POINT('',(0.22148523,-0.188102922595511,0.0039823775689579));
#2699=CARTESIAN_POINT('',(0.22148523,-0.124213589324169,0.00415779917014092));
#2700=CARTESIAN_POINT('',(0.22148523,-0.124213589324169,0.00656));
#2701=CARTESIAN_POINT('',(0.22148523,-0.124213589324169,0.00617290082985908));
#2702=CARTESIAN_POINT('',(0.22148523,-0.188110581147547,0.00634834345920739));
#2703=CARTESIAN_POINT('',(0.22148523,-0.121463543251802,0.00616535));
#2704=CARTESIAN_POINT('',(0.22148523,-0.121463543251802,0.00656));
#2705=CARTESIAN_POINT('',(0.22148523,-0.121463543251802,0.01156));
#2706=CARTESIAN_POINT('',(0.22148523,-0.18837879331436,0.01156));
#2707=CARTESIAN_POINT('',(0.22148523,-0.12509,0.01156));
#2708=CARTESIAN_POINT('',(0.22148523,-0.12509,0.00656));
#2709=CARTESIAN_POINT('',(0.22148523,-0.12509,0.00156));
#2710=CARTESIAN_POINT('',(0.22148523,-0.18839915831436,0.00156));
#2711=CARTESIAN_POINT('',(0.22148523,-0.25113,0.00156));
#2712=CARTESIAN_POINT('',(0.22148523,-0.25113,0.00656));
#2713=CARTESIAN_POINT('',(0.22148523,-0.25113,0.01156));
#2714=CARTESIAN_POINT('',(0.22148523,-0.18837879331436,0.01156));
#2715=CARTESIAN_POINT('',(0.22148523,-0.25613,0.01156));
#2716=CARTESIAN_POINT('',(0.22148523,-0.25613,0.00656));
#2717=CARTESIAN_POINT('',(0.22148523,-0.25613,0.00692290396));
#2718=CARTESIAN_POINT('',(0.22148523,-0.25338,0.00692290396));
#2719=CARTESIAN_POINT('',(0.22148523,-0.25338,0.00692290396));
#2720=CARTESIAN_POINT('',(0.22148523,-0.25338,0.00656));
#2721=CARTESIAN_POINT('',(0.22148523,-0.25338,0.00492290396));
#2722=CARTESIAN_POINT('',(0.22148523,-0.25338,0.00492290396));
#2723=CARTESIAN_POINT('',(0.22148523,-0.25613,0.00492290396));
#2724=CARTESIAN_POINT('',(0.22148523,-0.25613,0.00656));
#2725=CARTESIAN_POINT('',(0.22148523,-0.25613,0.00156));
#2726=CARTESIAN_POINT('',(0.22148523,-0.18839915831436,0.00156));
#2727=CARTESIAN_POINT('',(0.22148523,-0.25617073,0.00156));
#2728=CARTESIAN_POINT('',(0.22148523,-0.25617073,-0.00094));
#2729=CARTESIAN_POINT('',(0.22148523,-0.25617073,0.00105999999999997));
#2730=CARTESIAN_POINT('',(0.22148523,-0.25417073,-0.00094));
#2731=CARTESIAN_POINT('',(0.22148523,-0.25417073,-0.00094));
#2732=CARTESIAN_POINT('',(0.22148523,-0.18839915831436,-0.00094));
#2733=CARTESIAN_POINT('',(0.22148523,-0.123463576758978,-0.00094));
#2734=CARTESIAN_POINT('',(0.22148523,-0.123464664646605,-0.000941087869401639));
#2735=CARTESIAN_POINT('',(0.176523625464001,-0.11050376917567,0.007568));
#2736=CARTESIAN_POINT('',(0.0626932654482212,-0.176224402618827,0.007568));
#2737=CARTESIAN_POINT('',(0.0624231703685743,-0.175216402618827,0.007568));
#2738=CARTESIAN_POINT('',(0.0626932654482212,-0.176224402618827,0.00656));
#2739=CARTESIAN_POINT('',(0.176523625464001,-0.11050376917567,0.00656));
#2740=CARTESIAN_POINT('',(0.0504408211575607,-0.183298423995001,0.00656));
#2741=CARTESIAN_POINT('',(0.0504408211575607,-0.183298423995001,0.007568));
#2742=CARTESIAN_POINT('',(0.049432821157561,-0.182716457777023,0.007568));
#2743=CARTESIAN_POINT('',(0.0559279957630678,-0.178966430197925,0.007568));
#2744=CARTESIAN_POINT('',(0.0504408211575607,-0.18837879331436,0.007568));
#2745=CARTESIAN_POINT('',(0.0504408211575607,-0.18837879331436,0.00656));
#2746=CARTESIAN_POINT('',(0.0504408211575607,-0.197134381242653,0.00656));
#2747=CARTESIAN_POINT('',(0.0504408211575607,-0.197134381242653,0.007568));
#2748=CARTESIAN_POINT('',(0.0494328211575611,-0.197716347460631,0.007568));
#2749=CARTESIAN_POINT('',(0.0494328211575607,-0.190216402618827,0.007568));
#2750=CARTESIAN_POINT('',(0.174932201321514,-0.269010217895139,0.007568));
#2751=CARTESIAN_POINT('',(0.174932201321514,-0.269010217895139,0.00656));
#2752=CARTESIAN_POINT('',(0.0626932654482202,-0.204208402618827,0.00656));
#2753=CARTESIAN_POINT('',(0.0626932654482201,-0.204208402618827,0.007568));
#2754=CARTESIAN_POINT('',(0.0624231703685743,-0.205216402618827,0.007568));
#2755=CARTESIAN_POINT('',(0.0559279957630684,-0.20146637503973,0.007568));
#2756=CARTESIAN_POINT('',(0.0559279957630684,-0.20146637503973,0.00656));
#2757=CARTESIAN_POINT('',(0.0494328211575616,-0.197716347460631,0.00656));
#2758=CARTESIAN_POINT('',(0.0494328211575611,-0.197716347460631,0.010552));
#2759=CARTESIAN_POINT('',(0.0624231703685743,-0.205216402618827,0.00656));
#2760=CARTESIAN_POINT('',(0.0624231703685743,-0.205216402618827,0.010552));
#2761=CARTESIAN_POINT('',(0.0494328211575616,-0.197716347460631,0.010552));
#2762=CARTESIAN_POINT('',(0.0494328211575607,-0.190216402618827,0.00656));
#2763=CARTESIAN_POINT('',(0.049432821157561,-0.182716457777023,0.00656));
#2764=CARTESIAN_POINT('',(0.049432821157561,-0.182716457777023,0.010552));
#2765=CARTESIAN_POINT('',(0.0494328211575607,-0.182716457777023,0.010552));
#2766=CARTESIAN_POINT('',(0.0559279957630678,-0.178966430197925,0.00656));
#2767=CARTESIAN_POINT('',(0.0624231703685743,-0.175216402618827,0.00656));
#2768=CARTESIAN_POINT('',(0.0624231703685743,-0.175216402618827,0.010552));
#2769=CARTESIAN_POINT('',(0.0624231703685746,-0.175216402618827,0.010552));
#2770=CARTESIAN_POINT('',(0.07707,-0.123694749922971,0.00879927884480119));
#2771=CARTESIAN_POINT('',(0.0743330137237641,-0.129168722475443,0.0115362651210371));
#2772=CARTESIAN_POINT('',(0.07707,-0.131905708751679,0.00879927884480119));
#2773=CARTESIAN_POINT('',(0.07907,-0.133905708751679,0.00679927884480119));
#2774=CARTESIAN_POINT('',(0.07907,-0.133905708751679,0.00679927884480119));
#2775=CARTESIAN_POINT('',(0.07907,-0.144254518751679,0.00679927884480119));
#2776=CARTESIAN_POINT('',(0.0778164262816004,-0.145508092470078,0.00805285256320079));
#2777=CARTESIAN_POINT('',(0.07707,-0.146254518751679,0.00879927884480119));
#2778=CARTESIAN_POINT('',(0.07707,-0.144254518751679,0.00879927884480119));
#2779=CARTESIAN_POINT('',(0.0699231703685743,-0.175216402618827,0.00656));
#2780=CARTESIAN_POINT('',(0.07707,-0.175216402618827,0.00656));
#2781=CARTESIAN_POINT('',(0.07707,-0.175216402618827,0.007568));
#2782=CARTESIAN_POINT('',(0.07707,-0.175216402618827,0.010552));
#2783=CARTESIAN_POINT('',(0.0624231703685743,-0.175216402618827,0.007568));
#2784=CARTESIAN_POINT('',(0.0699231703685743,-0.175216402618827,0.010552));
#2785=CARTESIAN_POINT('',(0.0699231703685743,-0.176224402618827,0.007568));
#2786=CARTESIAN_POINT('',(0.07707,-0.176224402618827,0.007568));
#2787=CARTESIAN_POINT('',(0.07707,-0.176224402618827,0.00656));
#2788=CARTESIAN_POINT('',(0.07707,-0.176224402618827,0.00656));
#2789=CARTESIAN_POINT('',(0.2214852325,-0.204208402618827,0.007568));
#2790=CARTESIAN_POINT('',(0.07707,-0.204208402618827,0.007568));
#2791=CARTESIAN_POINT('',(0.07707,-0.205216402618827,0.007568));
#2792=CARTESIAN_POINT('',(0.07707,-0.204208402618827,0.00656));
#2793=CARTESIAN_POINT('',(0.0699231703685743,-0.205216402618827,0.007568));
#2794=CARTESIAN_POINT('',(0.2214852325,-0.204208402618827,0.00656));
#2795=CARTESIAN_POINT('',(0.0699231703685743,-0.205216402618827,0.00656));
#2796=CARTESIAN_POINT('',(0.07707,-0.205216402618827,0.00656));
#2797=CARTESIAN_POINT('',(0.07707,-0.205216402618827,0.010552));
#2798=CARTESIAN_POINT('',(0.0624231703685743,-0.205216402618827,0.010552));
#2799=CARTESIAN_POINT('',(0.2214852325,-0.18837879331436,0.00656));
#2800=CARTESIAN_POINT('',(0.07707,-0.123694749922971,0.00656));
#2801=CARTESIAN_POINT('',(0.0624231703685743,-0.190216402618827,0.00656));
#2802=CARTESIAN_POINT('',(0.0649231703685743,-0.190216402618827,0.00656));
#2803=CARTESIAN_POINT('',(0.10207,-0.144254518751679,0.00440774884480118));
#2804=CARTESIAN_POINT('',(0.10207,-0.144254518751679,0.00201621884480119));
#2805=CARTESIAN_POINT('',(0.08081,-0.144254518751679,0.00201621884480119));
#2806=CARTESIAN_POINT('',(0.07907,-0.144254518751679,0.00201621884480119));
#2807=CARTESIAN_POINT('',(0.07907,-0.144254518751679,0.00679927884480119));
#2808=CARTESIAN_POINT('',(0.10207,-0.144254518751679,0.00679927884480119));
#2809=CARTESIAN_POINT('',(0.08081,-0.144254518751679,0.00679927884480119));
#2810=CARTESIAN_POINT('',(0.08081,-0.144254518751679,0.00656));
#2811=CARTESIAN_POINT('',(0.10207,-0.139080113751679,0.00201621884480119));
#2812=CARTESIAN_POINT('',(0.10207,-0.133905708751679,0.00201621884480119));
#2813=CARTESIAN_POINT('',(0.08081,-0.133905708751679,0.00201621884480119));
#2814=CARTESIAN_POINT('',(0.07907,-0.133905708751679,0.00201621884480119));
#2815=CARTESIAN_POINT('',(0.07907,-0.139080113751679,0.00201621884480119));
#2816=CARTESIAN_POINT('',(0.08081,-0.18811,0.00201621884480119));
#2817=CARTESIAN_POINT('',(0.10207,-0.133905708751679,0.00440774884480118));
#2818=CARTESIAN_POINT('',(0.10207,-0.133905708751679,0.00679927884480119));
#2819=CARTESIAN_POINT('',(0.08081,-0.133905708751679,0.00679927884480119));
#2820=CARTESIAN_POINT('',(0.07907,-0.133905708751679,0.00440774884480118));
#2821=CARTESIAN_POINT('',(0.08081,-0.133905708751679,0.00656));
#2822=CARTESIAN_POINT('',(0.10207,-0.139080113751679,0.00679927884480119));
#2823=CARTESIAN_POINT('',(0.08081,-0.18811,0.00679927884480119));
#2824=CARTESIAN_POINT('',(0.07907,-0.133905708751679,0.00440774884480118));
#2825=CARTESIAN_POINT('',(0.0807948016666667,-0.135630510418345,0.00374102051146785));
#2826=CARTESIAN_POINT('',(0.0775918905775994,-0.132427599329278,0.000538109422400578));
#2827=CARTESIAN_POINT('',(0.07707,-0.131905708751679,0.00656));
#2828=CARTESIAN_POINT('',(0.07707,-0.131905708751679,0.00106));
#2829=CARTESIAN_POINT('',(0.0972344831875596,-0.152070191939238,-0.0191044831875607));
#2830=CARTESIAN_POINT('',(0.07907,-0.139080113751679,0.00201621884480119));
#2831=CARTESIAN_POINT('',(0.0775918905775994,-0.18839915831436,0.000538109422400578));
#2832=CARTESIAN_POINT('',(0.0775918905775994,-0.145732628174079,0.000538109422400578));
#2833=CARTESIAN_POINT('',(0.0807948016666667,-0.142529717085012,0.00374102051146785));
#2834=CARTESIAN_POINT('',(0.07707,-0.146254518751679,0.00656));
#2835=CARTESIAN_POINT('',(0.0643551201457735,-0.158969398605905,0.0137748798542272));
#2836=CARTESIAN_POINT('',(0.07707,-0.146254518751679,0.00106));
#2837=CARTESIAN_POINT('',(0.07707,-0.146254518751679,0.00201621884480119));
#2838=CARTESIAN_POINT('',(0.0699231703685743,-0.204208402618827,0.010552));
#2839=CARTESIAN_POINT('',(0.07707,-0.204208402618827,0.010552));
#2840=CARTESIAN_POINT('',(0.07707,-0.204208402618827,0.01156));
#2841=CARTESIAN_POINT('',(0.07707,-0.204208402618827,0.01156));
#2842=CARTESIAN_POINT('',(0.0626932654482201,-0.204208402618827,0.01156));
#2843=CARTESIAN_POINT('',(0.0626932654482201,-0.204208402618827,0.010552));
#2844=CARTESIAN_POINT('',(0.0564319994696991,-0.20059342357275,0.010552));
#2845=CARTESIAN_POINT('',(0.0504408211575607,-0.197134381242653,0.010552));
#2846=CARTESIAN_POINT('',(0.0504408211575607,-0.197134381242653,0.01156));
#2847=CARTESIAN_POINT('',(0.062927174075205,-0.204343451151847,0.01156));
#2848=CARTESIAN_POINT('',(0.0504408211575607,-0.190216402618827,0.010552));
#2849=CARTESIAN_POINT('',(0.0504408211575607,-0.183298423995001,0.010552));
#2850=CARTESIAN_POINT('',(0.0504408211575607,-0.183298423995001,0.01156));
#2851=CARTESIAN_POINT('',(0.0504408211575607,-0.197716347460631,0.01156));
#2852=CARTESIAN_POINT('',(0.0564319994696985,-0.179839381664905,0.010552));
#2853=CARTESIAN_POINT('',(0.0626932654482212,-0.176224402618827,0.010552));
#2854=CARTESIAN_POINT('',(0.0626932654482211,-0.176224402618827,0.01156));
#2855=CARTESIAN_POINT('',(0.0499368248641917,-0.183589409244003,0.01156));
#2856=CARTESIAN_POINT('',(0.2214852325,-0.176224402618827,0.010552));
#2857=CARTESIAN_POINT('',(0.07707,-0.176224402618827,0.010552));
#2858=CARTESIAN_POINT('',(0.07707,-0.176224402618827,0.01156));
#2859=CARTESIAN_POINT('',(0.2214852325,-0.176224402618827,0.01156));
#2860=CARTESIAN_POINT('',(0.07707,-0.123694749922971,0.00656));
#2861=CARTESIAN_POINT('',(0.07707,-0.123694749922971,0.01156));
#2862=CARTESIAN_POINT('',(0.07707,-0.128804257670276,0.01156));
#2863=CARTESIAN_POINT('',(0.07707,-0.128804257670276,0.00656));
#2864=CARTESIAN_POINT('',(0.07707,-0.128804257670276,0.00106));
#2865=CARTESIAN_POINT('',(0.07707,-0.24962821,0.00106));
#2866=CARTESIAN_POINT('',(0.07707,-0.24962821,0.00106));
#2867=CARTESIAN_POINT('',(0.07707,-0.24962821,0.00106));
#2868=CARTESIAN_POINT('',(0.07707,-0.24962821,0.00656));
#2869=CARTESIAN_POINT('',(0.07707,-0.24962821,0.01156));
#2870=CARTESIAN_POINT('',(0.07707,-0.123694749922971,0.01156));
#2871=CARTESIAN_POINT('',(0.0624231703685743,-0.190216402618827,0.00656));
#2872=CARTESIAN_POINT('',(0.0624231703685743,-0.190216402618827,0.01156));
#2873=CARTESIAN_POINT('',(0.0649231703685743,-0.190216402618827,0.01156));
#2874=CARTESIAN_POINT('',(0.08361252,-0.24962821,0.00656));
#2875=CARTESIAN_POINT('',(0.08361252,-0.24962821,0.00106));
#2876=CARTESIAN_POINT('',(0.08361252,-0.25617073,0.00106));
#2877=CARTESIAN_POINT('',(0.08361252,-0.25617073,-0.00094));
#2878=CARTESIAN_POINT('',(0.08361252,-0.25617073,0.00156));
#2879=CARTESIAN_POINT('',(0.08361252,-0.24962821,0.00156));
#2880=CARTESIAN_POINT('',(0.0828836203180822,-0.25613,0.00156));
#2881=CARTESIAN_POINT('',(0.0828836203180822,-0.25613,0.01156));
#2882=CARTESIAN_POINT('',(0.0828836203180822,-0.25613,0.01156));
#2883=CARTESIAN_POINT('',(0.08361252,-0.24962821,0.01156));
#2884=CARTESIAN_POINT('',(0.08081,-0.18811,0.00656));
#2885=CARTESIAN_POINT('',(0.08081,-0.18811,0.00156));
#2886=CARTESIAN_POINT('',(0.08081,-0.25113,0.00156));
#2887=CARTESIAN_POINT('',(0.08081,-0.12509,0.00156));
#2888=CARTESIAN_POINT('',(0.08081,-0.12509,0.00656));
#2889=CARTESIAN_POINT('',(0.08081,-0.12509,0.01156));
#2890=CARTESIAN_POINT('',(0.08081,-0.18811,0.01156));
#2891=CARTESIAN_POINT('',(0.08081,-0.25113,0.01156));
#2892=CARTESIAN_POINT('',(0.08081,-0.25113,0.00656));
#2893=CARTESIAN_POINT('',(0.087939892337718,-0.244686800109672,0.00406));
#2894=CARTESIAN_POINT('',(0.087939892337718,-0.244686800109672,-0.00094));
#2895=CARTESIAN_POINT('',(0.085140322337718,-0.244686800109672,-0.00094));
#2896=CARTESIAN_POINT('',(0.087939892337718,-0.244686800109672,0.00156));
#2897=CARTESIAN_POINT('',(0.085140322337718,-0.244686800109672,0.00156));
#2898=CARTESIAN_POINT('',(0.144220845162644,-0.175170994601396,0.00406));
#2899=CARTESIAN_POINT('',(0.144220845162644,-0.175170994601396,-0.00094));
#2900=CARTESIAN_POINT('',(0.141421275162644,-0.175170994601396,-0.00094));
#2901=CARTESIAN_POINT('',(0.144220845162644,-0.175170994601396,0.00156));
#2902=CARTESIAN_POINT('',(0.141421275162644,-0.175170994601396,0.00156));
#2903=CARTESIAN_POINT('',(0.08361252,-0.24962821,-0.00094));
#2904=CARTESIAN_POINT('',(0.08361252,-0.25417073,-0.00094));
#2905=CARTESIAN_POINT('',(0.08361252,-0.25417073,-0.00094));
#2906=CARTESIAN_POINT('',(0.07907,-0.24962821,-0.00094));
#2907=CARTESIAN_POINT('',(0.07907,-0.24962821,-0.00094));
#2908=CARTESIAN_POINT('',(0.08361252,-0.24962821,-0.00094));
#2909=CARTESIAN_POINT('',(0.07907,-0.18839915831436,-0.00094));
#2910=CARTESIAN_POINT('',(0.08361252,-0.128804257670276,-0.00548252000000035));
#2911=CARTESIAN_POINT('',(0.0789728895880517,-0.124191406318788,-0.000842889588051798));
#2912=CARTESIAN_POINT('',(0.100398888824244,-0.145493738780256,-0.0222688888242455));
#2913=CARTESIAN_POINT('',(0.07907,-0.124287956227988,-0.00094));
#2914=CARTESIAN_POINT('',(0.07907,-0.122299499845942,-0.00094));
#2915=CARTESIAN_POINT('',(0.2214852325,-0.18837879331436,0.01156));
#2916=CARTESIAN_POINT('',(0.2214852325,-0.12146354323733,0.01156));
#2917=CARTESIAN_POINT('',(0.0835746488481274,-0.122261847279124,0.01156));
#2918=CARTESIAN_POINT('',(0.08361252,-0.128804257670276,0.01156));
#2919=CARTESIAN_POINT('',(0.219567134587403,-0.25613,0.01156));
#2920=CARTESIAN_POINT('',(0.221485,-0.25113,0.01156));
#2921=CARTESIAN_POINT('',(0.221485,-0.12509,0.01156));
#2922=CARTESIAN_POINT('',(0.2214852325,-0.25417073,-0.00094));
#2923=CARTESIAN_POINT('',(0.08361252,-0.25417073,-0.00094));
#2924=CARTESIAN_POINT('',(0.359357945,-0.25617073,0.00106));
#2925=CARTESIAN_POINT('',(0.2214852325,-0.25617073,-0.00094));
#2926=CARTESIAN_POINT('',(0.2214852325,-0.25617073,0.00156));
#2927=CARTESIAN_POINT('',(0.221109361417896,-0.123465752497781,-0.00094));
#2928=CARTESIAN_POINT('',(0.08361252,-0.128804257670276,-0.00548252));
#2929=CARTESIAN_POINT('',(0.0835746488481274,-0.122261847279124,0.00106));
#2930=CARTESIAN_POINT('',(0.07907,-0.122287922720813,0.00106));
#2931=CARTESIAN_POINT('',(0.363912041931175,-0.122639130247234,-0.00094));
#2932=CARTESIAN_POINT('',(0.2214852325,-0.18839915831436,-0.00094));
#2933=CARTESIAN_POINT('',(0.2214852325,-0.18839915831436,0.00156));
#2934=CARTESIAN_POINT('',(0.219567134587403,-0.25613,0.00156));
#2935=CARTESIAN_POINT('',(0.2214852325,-0.12146354323733,0.00656));
#2936=CARTESIAN_POINT('',(0.0835746488481273,-0.122261847279124,0.00656));
#2937=CARTESIAN_POINT('',(0.218323005318441,-0.121481847987215,0.00766535));
#2938=CARTESIAN_POINT('',(0.215160780636882,-0.121500152722627,0.00916535));
#2939=CARTESIAN_POINT('',(0.215160780636882,-0.121500152722627,0.00516535));
#2940=CARTESIAN_POINT('',(0.215160780636882,-0.121500152722627,0.00116535));
#2941=CARTESIAN_POINT('',(0.218323005318441,-0.121481847987215,0.00266535));
#2942=CARTESIAN_POINT('',(0.2214852325,-0.18839915831436,0.00156));
#2943=CARTESIAN_POINT('',(0.221485,-0.12509,0.00156));
#2944=CARTESIAN_POINT('',(0.221485,-0.25113,0.00156));
#2945=CARTESIAN_POINT('',(0.221485,-0.12509,0.00656));
#2946=CARTESIAN_POINT('',(0.221485,-0.25113,0.00656));
#2947=CARTESIAN_POINT('',(0.219567134587403,-0.25613,0.00656));
#2948=CARTESIAN_POINT('',(0.215160674679663,-0.25613,0.00592290395999999));
#2949=CARTESIAN_POINT('',(0.215160674679663,-0.25613,0.00992290395999999));
#2950=CARTESIAN_POINT('',(0.215160674679663,-0.25613,0.00192290395999999));
#2951=CARTESIAN_POINT('',(0.218322952339831,-0.25613,0.00842290396));
#2952=CARTESIAN_POINT('',(0.218322952339831,-0.25613,0.00342290395999999));
#2953=CARTESIAN_POINT('',(0.218322952339831,-0.25338,0.00842290396));
#2954=CARTESIAN_POINT('',(0.215160674679663,-0.25338,0.00992290395999999));
#2955=CARTESIAN_POINT('',(0.215160674679663,-0.25338,0.00992290395999999));
#2956=CARTESIAN_POINT('',(0.218322952339831,-0.25338,0.00842290396));
#2957=CARTESIAN_POINT('',(0.215160674679663,-0.25338,0.00592290395999999));
#2958=CARTESIAN_POINT('',(0.215160674679663,-0.25338,0.00192290395999999));
#2959=CARTESIAN_POINT('',(0.215160674679663,-0.25338,0.00192290395999999));
#2960=CARTESIAN_POINT('',(0.215160674679663,-0.25338,0.00592290395999999));
#2961=CARTESIAN_POINT('',(0.218322952339831,-0.25338,0.00342290395999999));
#2962=CARTESIAN_POINT('',(0.218322952339831,-0.25338,0.00342290395999999));
#2963=CARTESIAN_POINT('',(0.22148523,-0.25338,0.00592290395999999));
#2964=CARTESIAN_POINT('',(0.218338923598805,-0.12423180191562,0.00266535));
#2965=CARTESIAN_POINT('',(0.215176698917247,-0.124250106651032,0.00116535));
#2966=CARTESIAN_POINT('',(0.215176698917247,-0.124250106651032,0.00116535));
#2967=CARTESIAN_POINT('',(0.218338923598805,-0.12423180191562,0.00266535));
#2968=CARTESIAN_POINT('',(0.215176698917247,-0.124250106651032,0.00516535));
#2969=CARTESIAN_POINT('',(0.215176698917247,-0.124250106651032,0.00916535));
#2970=CARTESIAN_POINT('',(0.215176698917247,-0.124250106651032,0.00916535));
#2971=CARTESIAN_POINT('',(0.215176698917247,-0.124250106651032,0.00516535));
#2972=CARTESIAN_POINT('',(0.218338923598805,-0.12423180191562,0.00766535));
#2973=CARTESIAN_POINT('',(0.218338923598805,-0.12423180191562,0.00766535));
#2974=CARTESIAN_POINT('',(0.221501148280365,-0.124213497180207,0.00516535));
#2975=CARTESIAN_POINT('',(0.08361252,-0.128804257670276,0.00656));
#2976=CARTESIAN_POINT('',(0.,0.,0.));
#2977=CARTESIAN_POINT('',(0.22148523,-0.18811,0.00656));
#2978=CARTESIAN_POINT('',(0.22148523,-0.188102922595511,0.0039823775689579));
#2979=CARTESIAN_POINT('',(0.22148523,-0.121463543251802,0.00416535));
#2980=CARTESIAN_POINT('',(0.22148523,-0.124213589324169,0.00415779917014092));
#2981=CARTESIAN_POINT('',(0.22148523,-0.121463543251802,0.00656));
#2982=CARTESIAN_POINT('',(0.22148523,-0.121463543251802,0.00106));
#2983=CARTESIAN_POINT('',(0.22148523,-0.123464664646605,-0.000941087869401639));
#2984=CARTESIAN_POINT('',(0.22148523,-0.123463576758978,-0.00094));
#2985=CARTESIAN_POINT('',(0.22148523,-0.18839915831436,-0.00094));
#2986=CARTESIAN_POINT('',(0.22148523,-0.25417073,-0.00094));
#2987=CARTESIAN_POINT('',(0.22148523,-0.25417073,-0.00094));
#2988=CARTESIAN_POINT('',(0.22148523,-0.25617073,0.00105999999999997));
#2989=CARTESIAN_POINT('',(0.22148523,-0.25617073,-0.00094));
#2990=CARTESIAN_POINT('',(0.22148523,-0.25617073,0.00156));
#2991=CARTESIAN_POINT('',(0.22148523,-0.18839915831436,0.00156));
#2992=CARTESIAN_POINT('',(0.22148523,-0.25613,0.00156));
#2993=CARTESIAN_POINT('',(0.22148523,-0.25613,0.00656));
#2994=CARTESIAN_POINT('',(0.22148523,-0.25613,0.00492290396));
#2995=CARTESIAN_POINT('',(0.22148523,-0.25338,0.00492290396));
#2996=CARTESIAN_POINT('',(0.22148523,-0.25338,0.00492290396));
#2997=CARTESIAN_POINT('',(0.22148523,-0.25338,0.00656));
#2998=CARTESIAN_POINT('',(0.22148523,-0.25338,0.00692290396));
#2999=CARTESIAN_POINT('',(0.22148523,-0.25338,0.00692290396));
#3000=CARTESIAN_POINT('',(0.22148523,-0.25613,0.00692290396));
#3001=CARTESIAN_POINT('',(0.22148523,-0.25613,0.00656));
#3002=CARTESIAN_POINT('',(0.22148523,-0.25613,0.01156));
#3003=CARTESIAN_POINT('',(0.22148523,-0.18837879331436,0.01156));
#3004=CARTESIAN_POINT('',(0.22148523,-0.25113,0.01156));
#3005=CARTESIAN_POINT('',(0.22148523,-0.25113,0.00656));
#3006=CARTESIAN_POINT('',(0.22148523,-0.25113,0.00156));
#3007=CARTESIAN_POINT('',(0.22148523,-0.18839915831436,0.00156));
#3008=CARTESIAN_POINT('',(0.22148523,-0.12509,0.00156));
#3009=CARTESIAN_POINT('',(0.22148523,-0.12509,0.00656));
#3010=CARTESIAN_POINT('',(0.22148523,-0.12509,0.01156));
#3011=CARTESIAN_POINT('',(0.22148523,-0.18837879331436,0.01156));
#3012=CARTESIAN_POINT('',(0.22148523,-0.121463543251802,0.01156));
#3013=CARTESIAN_POINT('',(0.22148523,-0.121463543251802,0.00656));
#3014=CARTESIAN_POINT('',(0.22148523,-0.121463543251802,0.00616535));
#3015=CARTESIAN_POINT('',(0.22148523,-0.188110581147547,0.00634834345920739));
#3016=CARTESIAN_POINT('',(0.22148523,-0.124213589324169,0.00617290082985908));
#3017=CARTESIAN_POINT('',(0.22148523,-0.124213589324169,0.00656));
#3018=CARTESIAN_POINT('',(0.365900465,-0.188160401882582,0.00656));
#3019=CARTESIAN_POINT('',(0.365900465,-0.120627586628719,0.00106));
#3020=CARTESIAN_POINT('',(0.365900465,-0.24962821,0.00106));
#3021=CARTESIAN_POINT('',(0.365900465,-0.127208088025754,0.00106));
#3022=CARTESIAN_POINT('',(0.365900465,-0.127208088025754,0.00656));
#3023=CARTESIAN_POINT('',(0.365900465,-0.127208088025754,0.01156));
#3024=CARTESIAN_POINT('',(0.365900465,-0.188160401882582,0.01156));
#3025=CARTESIAN_POINT('',(0.365900465,-0.166216402618827,0.01156));
#3026=CARTESIAN_POINT('',(0.365900465,-0.166216402618827,0.00656));
#3027=CARTESIAN_POINT('',(0.365900465,-0.166216402618827,0.00656));
#3028=CARTESIAN_POINT('',(0.365900465,-0.188160401882582,0.00656));
#3029=CARTESIAN_POINT('',(0.365900465,-0.214216402618827,0.00656));
#3030=CARTESIAN_POINT('',(0.365900465,-0.214216402618827,0.00656));
#3031=CARTESIAN_POINT('',(0.365900465,-0.214216402618827,0.01156));
#3032=CARTESIAN_POINT('',(0.365900465,-0.188160401882582,0.01156));
#3033=CARTESIAN_POINT('',(0.365900465,-0.24962821,0.01156));
#3034=CARTESIAN_POINT('',(0.365900465,-0.24962821,0.00656));
#3035=CARTESIAN_POINT('',(0.219567134587403,-0.25613,0.00656));
#3036=CARTESIAN_POINT('',(0.227809785320337,-0.25613,0.00592290396));
#3037=CARTESIAN_POINT('',(0.227809785320337,-0.25613,0.00992290396));
#3038=CARTESIAN_POINT('',(0.227809785320337,-0.25613,0.00192290395999999));
#3039=CARTESIAN_POINT('',(0.224647507660168,-0.25613,0.00342290395999999));
#3040=CARTESIAN_POINT('',(0.219567134587403,-0.25613,0.00156));
#3041=CARTESIAN_POINT('',(0.358324269174806,-0.25613,0.00156));
#3042=CARTESIAN_POINT('',(0.358324269174806,-0.25613,0.00656));
#3043=CARTESIAN_POINT('',(0.358324269174806,-0.25613,0.01156));
#3044=CARTESIAN_POINT('',(0.219567134587403,-0.25613,0.01156));
#3045=CARTESIAN_POINT('',(0.224647507660168,-0.25613,0.00842290396));
#3046=CARTESIAN_POINT('',(0.358324269174806,-0.247890125681832,0.00656));
#3047=CARTESIAN_POINT('',(0.358324269174806,-0.247890125681832,0.00156));
#3048=CARTESIAN_POINT('',(0.365433013064955,-0.252056813705128,0.00156));
#3049=CARTESIAN_POINT('',(0.365433013064955,-0.252056813705128,0.00156));
#3050=CARTESIAN_POINT('',(0.365433013064955,-0.252056813705128,0.01156));
#3051=CARTESIAN_POINT('',(0.358324269174806,-0.247890125681832,0.01156));
#3052=CARTESIAN_POINT('',(0.36216,-0.18811,0.00656));
#3053=CARTESIAN_POINT('',(0.36216,-0.18811,0.00156));
#3054=CARTESIAN_POINT('',(0.36216,-0.25113,0.00156));
#3055=CARTESIAN_POINT('',(0.36216,-0.12509,0.00156));
#3056=CARTESIAN_POINT('',(0.36216,-0.25113,0.00656));
#3057=CARTESIAN_POINT('',(0.36216,-0.25113,0.01156));
#3058=CARTESIAN_POINT('',(0.36216,-0.18811,0.01156));
#3059=CARTESIAN_POINT('',(0.36216,-0.12509,0.01156));
#3060=CARTESIAN_POINT('',(0.36216,-0.12509,0.00656));
#3061=CARTESIAN_POINT('',(0.221485,-0.25113,0.00656));
#3062=CARTESIAN_POINT('',(0.221485,-0.25113,0.01156));
#3063=CARTESIAN_POINT('',(0.221485,-0.25113,0.00156));
#3064=CARTESIAN_POINT('',(0.221485,-0.12509,0.00656));
#3065=CARTESIAN_POINT('',(0.221485,-0.12509,0.00156));
#3066=CARTESIAN_POINT('',(0.221485,-0.12509,0.01156));
#3067=CARTESIAN_POINT('',(0.2214852325,-0.12146354323733,0.00656));
#3068=CARTESIAN_POINT('',(0.2214852325,-0.12146354323733,0.01156));
#3069=CARTESIAN_POINT('',(0.359320073848128,-0.120665677634601,0.01156));
#3070=CARTESIAN_POINT('',(0.359320073848128,-0.120665677634601,0.00656));
#3071=CARTESIAN_POINT('',(0.359320073848128,-0.120665677634601,0.00106));
#3072=CARTESIAN_POINT('',(0.07907,-0.122287922720813,0.00106));
#3073=CARTESIAN_POINT('',(0.224647454681559,-0.121445238516389,0.00266535));
#3074=CARTESIAN_POINT('',(0.227809679363118,-0.121426933780977,0.00116534999999996));
#3075=CARTESIAN_POINT('',(0.227809679363118,-0.121426933780977,0.00516535));
#3076=CARTESIAN_POINT('',(0.227809679363118,-0.121426933780977,0.00916535));
#3077=CARTESIAN_POINT('',(0.224647454681559,-0.121445238516389,0.00766535));
#3078=CARTESIAN_POINT('',(0.2214852325,-0.18837879331436,0.01156));
#3079=CARTESIAN_POINT('',(0.359357945,-0.127208088025754,0.01156));
#3080=CARTESIAN_POINT('',(0.359357945,-0.24962821,0.01156));
#3081=CARTESIAN_POINT('',(0.365900465,-0.214216402618827,0.01156));
#3082=CARTESIAN_POINT('',(0.375908465,-0.204208402618827,0.01156));
#3083=CARTESIAN_POINT('',(0.2214852325,-0.204208402618827,0.01156));
#3084=CARTESIAN_POINT('',(0.38027719955178,-0.204208402618827,0.01156));
#3085=CARTESIAN_POINT('',(0.268038263678486,-0.269010217895139,0.01156));
#3086=CARTESIAN_POINT('',(0.392529643842439,-0.197134381242653,0.01156));
#3087=CARTESIAN_POINT('',(0.392529643842439,-0.18837879331436,0.01156));
#3088=CARTESIAN_POINT('',(0.392529643842439,-0.183298423995001,0.01156));
#3089=CARTESIAN_POINT('',(0.266446839535999,-0.11050376917567,0.01156));
#3090=CARTESIAN_POINT('',(0.380277199551779,-0.176224402618827,0.01156));
#3091=CARTESIAN_POINT('',(0.374900465,-0.176224402618827,0.01156));
#3092=CARTESIAN_POINT('',(0.375908465,-0.176224402618827,0.01156));
#3093=CARTESIAN_POINT('',(0.374900465,-0.175216402618827,0.01156));
#3094=CARTESIAN_POINT('',(0.380547294631426,-0.190216402618827,0.01156));
#3095=CARTESIAN_POINT('',(0.383047294631426,-0.190216402618827,0.01156));
#3096=CARTESIAN_POINT('',(0.2214852325,-0.18839915831436,0.00156));
#3097=CARTESIAN_POINT('',(0.2214852325,-0.25617073,0.00156));
#3098=CARTESIAN_POINT('',(0.359357945,-0.25617073,0.00156));
#3099=CARTESIAN_POINT('',(0.359357945,-0.24962821,0.00156));
#3100=CARTESIAN_POINT('',(0.2214852325,-0.18839915831436,-0.00094));
#3101=CARTESIAN_POINT('',(0.363912041931175,-0.122639130247234,-0.00094));
#3102=CARTESIAN_POINT('',(0.363900465,-0.122639197261024,-0.00094));
#3103=CARTESIAN_POINT('',(0.363900465,-0.24962821,-0.00094));
#3104=CARTESIAN_POINT('',(0.363900465,-0.24962821,-0.00094));
#3105=CARTESIAN_POINT('',(0.359357945,-0.24962821,-0.00094));
#3106=CARTESIAN_POINT('',(0.359357945,-0.25417073,-0.00094));
#3107=CARTESIAN_POINT('',(0.08361252,-0.25417073,-0.00094));
#3108=CARTESIAN_POINT('',(0.297800612177384,-0.242386800109672,-0.00094));
#3109=CARTESIAN_POINT('',(0.295001042177384,-0.242386800109672,-0.00094));
#3110=CARTESIAN_POINT('',(0.353907786500701,-0.133946742915468,-0.00094));
#3111=CARTESIAN_POINT('',(0.351108216500701,-0.133946742915468,-0.00094));
#3112=CARTESIAN_POINT('',(0.2214852325,-0.25617073,-0.00094));
#3113=CARTESIAN_POINT('',(0.359357945,-0.25617073,0.00106));
#3114=CARTESIAN_POINT('',(0.359357945,-0.25617073,0.00106));
#3115=CARTESIAN_POINT('',(0.359357945,-0.25617073,-0.00094));
#3116=CARTESIAN_POINT('',(0.2214852325,-0.18839915831436,0.00156));
#3117=CARTESIAN_POINT('',(0.297800612177384,-0.242386800109672,0.00156));
#3118=CARTESIAN_POINT('',(0.295001042177384,-0.242386800109672,0.00156));
#3119=CARTESIAN_POINT('',(0.353907786500701,-0.133946742915468,0.00156));
#3120=CARTESIAN_POINT('',(0.351108216500701,-0.133946742915468,0.00156));
#3121=CARTESIAN_POINT('',(0.359357945,-0.24962821,-0.00094));
#3122=CARTESIAN_POINT('',(0.359357945,-0.24962821,0.00106));
#3123=CARTESIAN_POINT('',(0.363900465,-0.18839915831436,-0.00094));
#3124=CARTESIAN_POINT('',(0.341938469796681,-0.144728688789841,-0.0229019952033207));
#3125=CARTESIAN_POINT('',(0.363970796351488,-0.122568457613805,-0.00086966864851197));
#3126=CARTESIAN_POINT('',(0.359357945,-0.127208088025754,-0.00548252000000035));
#3127=CARTESIAN_POINT('',(0.363900465,-0.24962821,-0.00094));
#3128=CARTESIAN_POINT('',(0.359357945,-0.24962821,-0.00094));
#3129=CARTESIAN_POINT('',(0.359357945,-0.25417073,-0.00094));
#3130=CARTESIAN_POINT('',(0.2214852325,-0.25417073,-0.00094));
#3131=CARTESIAN_POINT('',(0.221109361417896,-0.123465752497781,-0.00094));
#3132=CARTESIAN_POINT('',(0.359357945,-0.127208088025754,-0.00548252));
#3133=CARTESIAN_POINT('',(0.353907786500701,-0.133946742915468,0.00406));
#3134=CARTESIAN_POINT('',(0.297800612177384,-0.242386800109672,0.00406));
#3135=CARTESIAN_POINT('',(0.373047294631425,-0.175216402618827,0.00656));
#3136=CARTESIAN_POINT('',(0.380547294631426,-0.175216402618827,0.00656));
#3137=CARTESIAN_POINT('',(0.380547294631426,-0.175216402618827,0.007568));
#3138=CARTESIAN_POINT('',(0.380547294631426,-0.175216402618827,0.010552));
#3139=CARTESIAN_POINT('',(0.373047294631425,-0.175216402618827,0.007568));
#3140=CARTESIAN_POINT('',(0.374900465,-0.175216402618827,0.007568));
#3141=CARTESIAN_POINT('',(0.374900465,-0.175216402618827,0.01156));
#3142=CARTESIAN_POINT('',(0.374900465,-0.175216402618827,0.010552));
#3143=CARTESIAN_POINT('',(0.380547294631426,-0.175216402618827,0.010552));
#3144=CARTESIAN_POINT('',(0.373047294631425,-0.205216402618827,0.00656));
#3145=CARTESIAN_POINT('',(0.374900465,-0.205216402618827,0.00656));
#3146=CARTESIAN_POINT('',(0.374900465,-0.205216402618827,0.010552));
#3147=CARTESIAN_POINT('',(0.374900465,-0.205216402618827,0.007568));
#3148=CARTESIAN_POINT('',(0.380547294631426,-0.205216402618827,0.007568));
#3149=CARTESIAN_POINT('',(0.380547294631426,-0.205216402618827,0.007568));
#3150=CARTESIAN_POINT('',(0.380547294631426,-0.205216402618827,0.00656));
#3151=CARTESIAN_POINT('',(0.380547294631426,-0.205216402618827,0.010552));
#3152=CARTESIAN_POINT('',(0.373047294631425,-0.205216402618827,0.010552));
#3153=CARTESIAN_POINT('',(0.2214852325,-0.18837879331436,0.00656));
#3154=CARTESIAN_POINT('',(0.380547294631426,-0.190216402618827,0.00656));
#3155=CARTESIAN_POINT('',(0.383047294631426,-0.190216402618827,0.00656));
#3156=CARTESIAN_POINT('',(0.304774044097767,-0.105089981716593,0.00656));
#3157=CARTESIAN_POINT('',(0.375908465,-0.176224402618827,0.00656));
#3158=CARTESIAN_POINT('',(0.2214852325,-0.176224402618827,0.00656));
#3159=CARTESIAN_POINT('',(0.380277199551779,-0.176224402618827,0.00656));
#3160=CARTESIAN_POINT('',(0.393033640135808,-0.183589409244003,0.00656));
#3161=CARTESIAN_POINT('',(0.392529643842439,-0.183298423995001,0.00656));
#3162=CARTESIAN_POINT('',(0.392529643842439,-0.197716347460631,0.00656));
#3163=CARTESIAN_POINT('',(0.392529643842439,-0.197134381242653,0.00656));
#3164=CARTESIAN_POINT('',(0.380043290924795,-0.204343451151847,0.00656));
#3165=CARTESIAN_POINT('',(0.38027719955178,-0.204208402618827,0.00656));
#3166=CARTESIAN_POINT('',(0.374900465,-0.204208402618827,0.00656));
#3167=CARTESIAN_POINT('',(0.375908465,-0.204208402618827,0.00656));
#3168=CARTESIAN_POINT('',(0.306611653402234,-0.273505214216594,0.00656));
#3169=CARTESIAN_POINT('',(0.387042469236931,-0.20146637503973,0.00656));
#3170=CARTESIAN_POINT('',(0.393537643842439,-0.197716347460631,0.007568));
#3171=CARTESIAN_POINT('',(0.393537643842439,-0.197716347460631,0.007568));
#3172=CARTESIAN_POINT('',(0.393537643842439,-0.197716347460631,0.00656));
#3173=CARTESIAN_POINT('',(0.393537643842439,-0.197716347460631,0.010552));
#3174=CARTESIAN_POINT('',(0.387042469236931,-0.20146637503973,0.010552));
#3175=CARTESIAN_POINT('',(0.393537643842439,-0.190216402618827,0.00656));
#3176=CARTESIAN_POINT('',(0.393537643842439,-0.183298423995001,0.00656));
#3177=CARTESIAN_POINT('',(0.393537643842439,-0.183298423995001,0.007568));
#3178=CARTESIAN_POINT('',(0.393537643842439,-0.183298423995001,0.010552));
#3179=CARTESIAN_POINT('',(0.393537643842439,-0.190216402618827,0.010552));
#3180=CARTESIAN_POINT('',(0.393537643842439,-0.182716457777023,0.007568));
#3181=CARTESIAN_POINT('',(0.387042469236932,-0.178966430197925,0.00656));
#3182=CARTESIAN_POINT('',(0.39303364754907,-0.182425472528021,0.00656));
#3183=CARTESIAN_POINT('',(0.39303364754907,-0.182425472528021,0.010552));
#3184=CARTESIAN_POINT('',(0.39303364754907,-0.182425472528021,0.007568));
#3185=CARTESIAN_POINT('',(0.380547294631426,-0.175216402618827,0.007568));
#3186=CARTESIAN_POINT('',(0.387042469236932,-0.178966430197925,0.010552));
#3187=CARTESIAN_POINT('',(0.380547294631426,-0.190216402618827,0.00656));
#3188=CARTESIAN_POINT('',(0.365900465,-0.214216402618827,0.00656));
#3189=CARTESIAN_POINT('',(0.375908465,-0.204208402618827,0.007568));
#3190=CARTESIAN_POINT('',(0.375908465,-0.204208402618827,0.010552));
#3191=CARTESIAN_POINT('',(0.374900465,-0.175216402618827,0.00656));
#3192=CARTESIAN_POINT('',(0.375908465,-0.176224402618827,0.010552));
#3193=CARTESIAN_POINT('',(0.375908465,-0.176224402618827,0.007568));
#3194=CARTESIAN_POINT('',(0.2214852325,-0.204208402618827,0.010552));
#3195=CARTESIAN_POINT('',(0.38027719955178,-0.204208402618827,0.010552));
#3196=CARTESIAN_POINT('',(0.268038263678486,-0.269010217895139,0.010552));
#3197=CARTESIAN_POINT('',(0.392529643842439,-0.197134381242653,0.010552));
#3198=CARTESIAN_POINT('',(0.373047294631425,-0.176224402618827,0.010552));
#3199=CARTESIAN_POINT('',(0.380277199551779,-0.176224402618827,0.010552));
#3200=CARTESIAN_POINT('',(0.373047294631425,-0.204208402618827,0.007568));
#3201=CARTESIAN_POINT('',(0.38027719955178,-0.204208402618827,0.007568));
#3202=CARTESIAN_POINT('',(0.392529643842439,-0.18837879331436,0.010552));
#3203=CARTESIAN_POINT('',(0.392529643842439,-0.183298423995001,0.010552));
#3204=CARTESIAN_POINT('',(0.266446839535999,-0.11050376917567,0.010552));
#3205=CARTESIAN_POINT('',(0.392529643842439,-0.183298423995001,0.010552));
#3206=CARTESIAN_POINT('',(0.386538465530301,-0.20059342357275,0.007568));
#3207=CARTESIAN_POINT('',(0.392529643842439,-0.197134381242653,0.007568));
#3208=CARTESIAN_POINT('',(0.392529643842439,-0.183298423995001,0.010552));
#3209=CARTESIAN_POINT('',(0.392529643842439,-0.183298423995001,0.010552));
#3210=CARTESIAN_POINT('',(0.392529643842439,-0.190216402618827,0.007568));
#3211=CARTESIAN_POINT('',(0.392529643842439,-0.183298423995001,0.007568));
#3212=CARTESIAN_POINT('',(0.392529643842439,-0.183298423995001,0.00656));
#3213=CARTESIAN_POINT('',(0.392529643842439,-0.183298423995001,0.007568));
#3214=CARTESIAN_POINT('',(0.392529643842439,-0.183298423995001,0.007568));
#3215=CARTESIAN_POINT('',(0.392529643842439,-0.183298423995001,0.007568));
#3216=CARTESIAN_POINT('',(0.386538465530302,-0.179839381664905,0.007568));
#3217=CARTESIAN_POINT('',(0.380277199551779,-0.176224402618827,0.007568));
#3218=CARTESIAN_POINT('',(0.2214852325,-0.176224402618827,0.007568));
#3219=CARTESIAN_POINT('',(0.22148523,-0.25338,0.00592290395999999));
#3220=CARTESIAN_POINT('',(0.224647507660168,-0.25338,0.00342290395999999));
#3221=CARTESIAN_POINT('',(0.227809785320337,-0.25338,0.00192290395999999));
#3222=CARTESIAN_POINT('',(0.227809785320337,-0.25338,0.00592290396));
#3223=CARTESIAN_POINT('',(0.227809785320337,-0.25338,0.00992290396));
#3224=CARTESIAN_POINT('',(0.224647507660168,-0.25338,0.00842290396));
#3225=CARTESIAN_POINT('',(0.224647507660168,-0.25338,0.00342290395999999));
#3226=CARTESIAN_POINT('',(0.227809785320337,-0.25338,0.00192290395999999));
#3227=CARTESIAN_POINT('',(0.227809785320337,-0.25338,0.00592290396));
#3228=CARTESIAN_POINT('',(0.227809785320337,-0.25338,0.00992290396));
#3229=CARTESIAN_POINT('',(0.224647507660168,-0.25338,0.00842290396));
#3230=CARTESIAN_POINT('',(0.218338923598805,-0.12423180191562,0.00266535));
#3231=CARTESIAN_POINT('',(0.218338923598805,-0.12423180191562,0.00266535));
#3232=CARTESIAN_POINT('',(0.221501148280365,-0.124213497180207,0.00416535));
#3233=CARTESIAN_POINT('',(0.221501148280365,-0.124213497180207,0.00416535));
#3234=CARTESIAN_POINT('',(0.218338923598805,-0.12423180191562,0.00766535));
#3235=CARTESIAN_POINT('',(0.221501148280365,-0.124213497180207,0.00616535));
#3236=CARTESIAN_POINT('',(0.221501148280365,-0.124213497180207,0.00616535));
#3237=CARTESIAN_POINT('',(0.218338923598805,-0.12423180191562,0.00766535));
#3238=CARTESIAN_POINT('',(0.221501148280365,-0.124213497180207,0.00516535));
#3239=CARTESIAN_POINT('',(0.224663372961924,-0.124195192444794,0.00766535));
#3240=CARTESIAN_POINT('',(0.227825597643482,-0.124176887709382,0.00916535));
#3241=CARTESIAN_POINT('',(0.227825597643482,-0.124176887709382,0.00516535));
#3242=CARTESIAN_POINT('',(0.227825597643482,-0.124176887709382,0.00116534999999996));
#3243=CARTESIAN_POINT('',(0.224663372961924,-0.124195192444794,0.00266535));
#3244=CARTESIAN_POINT('',(0.224663372961924,-0.124195192444794,0.00766535));
#3245=CARTESIAN_POINT('',(0.227825597643482,-0.124176887709382,0.00916535));
#3246=CARTESIAN_POINT('',(0.227825597643482,-0.124176887709382,0.00516535));
#3247=CARTESIAN_POINT('',(0.227825597643482,-0.124176887709382,0.00116534999999996));
#3248=CARTESIAN_POINT('',(0.224663372961924,-0.124195192444794,0.00266535));
#3249=CARTESIAN_POINT('',(0.359357945,-0.127208088025754,0.00656));
#3250=MECHANICAL_DESIGN_GEOMETRIC_PRESENTATION_REPRESENTATION('',(#1963),
#3252);
#3251=MECHANICAL_DESIGN_GEOMETRIC_PRESENTATION_REPRESENTATION('',(#1964),
#3253);
#3252=(
GEOMETRIC_REPRESENTATION_CONTEXT(3)
GLOBAL_UNCERTAINTY_ASSIGNED_CONTEXT((#3254))
GLOBAL_UNIT_ASSIGNED_CONTEXT((#3260,#3258,#3256))
REPRESENTATION_CONTEXT('Case2','TOP_LEVEL_ASSEMBLY_PART')
);
#3253=(
GEOMETRIC_REPRESENTATION_CONTEXT(3)
GLOBAL_UNCERTAINTY_ASSIGNED_CONTEXT((#3255))
GLOBAL_UNIT_ASSIGNED_CONTEXT((#3261,#3259,#3257))
REPRESENTATION_CONTEXT('Case1','TOP_LEVEL_ASSEMBLY_PART')
);
#3254=UNCERTAINTY_MEASURE_WITH_UNIT(LENGTH_MEASURE(2.15316392229714E-7),
#3260,'DISTANCE_ACCURACY_VALUE','Maximum Tolerance applied to model');
#3255=UNCERTAINTY_MEASURE_WITH_UNIT(LENGTH_MEASURE(2.15316391190613E-7),
#3261,'DISTANCE_ACCURACY_VALUE','Maximum Tolerance applied to model');
#3256=(
NAMED_UNIT(*)
SI_UNIT($,.STERADIAN.)
SOLID_ANGLE_UNIT()
);
#3257=(
NAMED_UNIT(*)
SI_UNIT($,.STERADIAN.)
SOLID_ANGLE_UNIT()
);
#3258=(
NAMED_UNIT(*)
PLANE_ANGLE_UNIT()
SI_UNIT($,.RADIAN.)
);
#3259=(
NAMED_UNIT(*)
PLANE_ANGLE_UNIT()
SI_UNIT($,.RADIAN.)
);
#3260=(
LENGTH_UNIT()
NAMED_UNIT(*)
SI_UNIT($,.METRE.)
);
#3261=(
LENGTH_UNIT()
NAMED_UNIT(*)
SI_UNIT($,.METRE.)
);
#3262=PRODUCT_DEFINITION_SHAPE('','',#3264);
#3263=PRODUCT_DEFINITION_SHAPE('','',#3265);
#3264=PRODUCT_DEFINITION('','',#3268,#3266);
#3265=PRODUCT_DEFINITION('','',#3269,#3267);
#3266=PRODUCT_DEFINITION_CONTEXT('',#3280,'design');
#3267=PRODUCT_DEFINITION_CONTEXT('',#3281,'design');
#3268=PRODUCT_DEFINITION_FORMATION_WITH_SPECIFIED_SOURCE('','',#3272,
 .NOT_KNOWN.);
#3269=PRODUCT_DEFINITION_FORMATION_WITH_SPECIFIED_SOURCE('','',#3273,
 .NOT_KNOWN.);
#3270=PRODUCT_RELATED_PRODUCT_CATEGORY('','',(#3272));
#3271=PRODUCT_RELATED_PRODUCT_CATEGORY('','',(#3273));
#3272=PRODUCT('Case2','Case2','Case2',(#3276));
#3273=PRODUCT('Case1','Case1','Case1',(#3277));
#3274=PRODUCT_CATEGORY('','');
#3275=PRODUCT_CATEGORY('','');
#3276=PRODUCT_CONTEXT('',#3280,'mechanical');
#3277=PRODUCT_CONTEXT('',#3281,'mechanical');
#3278=APPLICATION_PROTOCOL_DEFINITION('international standard',
'ap242_managed_model_based_3d_engineering',2020,#3280);
#3279=APPLICATION_PROTOCOL_DEFINITION('international standard',
'ap242_managed_model_based_3d_engineering',2020,#3281);
#3280=APPLICATION_CONTEXT('managed model based 3d engineering');
#3281=APPLICATION_CONTEXT('managed model based 3d engineering');
ENDSEC;
END-ISO-10303-21;
